week_start,revenue,invoice_lines,active_days,rain_mm,precip_mm,rain_days,heavy_rain_days,frost_days,cold_days,heat_days,windy_days,storm_days,workable_days,temp_mean_c,temp_max_c,wind_max_kmh
2023-01-09,-49541.71,63,1,6.4,6.6,1,1,0,0,0,1,1,0,5.9,9.6,40.4
2023-01-16,55964.090000000004,90,3,6.7,15.100000000000001,1,1,6,7,0,0,0,0,0.4428571428571429,6.3,28.4
2023-01-23,68215.96,57,4,0.9,1.2999999999999998,0,0,6,7,0,0,0,1,0.4142857142857143,4.1,21.7
2023-01-30,138383.49,11,3,13.7,13.7,4,0,0,2,0,0,2,3,5.928571428571429,8.6,33.1
2023-02-06,62784.8,128,3,0.1,0.1,0,0,4,5,0,0,0,3,2.6,9.0,19.9
2023-02-13,91736.81,89,4,9.5,9.5,3,0,2,0,0,0,1,2,7.585714285714286,13.2,34.2
2023-02-27,149617.24,35,3,2.8,3.0999999999999996,1,0,5,7,0,0,0,1,1.442857142857143,8.4,20.6
2023-03-06,12216.029999999999,36,2,38.9,56.2,4,3,2,4,0,0,1,1,3.8857142857142857,11.6,35.5
2023-03-13,13990.14,29,2,19.7,21.0,5,2,0,1,0,0,1,2,9.214285714285714,17.2,39.2
2023-03-20,73693.1,61,3,28.1,28.1,4,3,0,0,0,0,4,3,9.771428571428572,13.9,34.5
2023-03-27,178833.04,37,2,34.9,35.3,5,3,1,2,0,0,2,2,8.014285714285714,15.4,35.9
2023-04-03,126965.45,30,3,8.200000000000001,8.200000000000001,2,0,3,3,0,0,0,2,6.1000000000000005,15.1,20.1
2023-04-10,44334.04,77,3,22.6,22.6,5,1,0,0,0,0,1,2,8.914285714285715,15.9,34.7
2023-04-17,319529.38,77,4,20.6,21.0,5,2,0,0,0,0,0,2,9.985714285714286,17.5,30.3
2023-04-24,86703.82,85,3,11.4,11.4,2,1,0,0,0,0,0,5,9.1,18.6,27.5
2023-05-01,188797.34,55,3,25.3,25.3,3,3,0,0,0,0,0,4,12.828571428571427,22.4,20.6
2023-05-08,47.61000000000058,22,3,33.5,33.5,4,4,0,0,0,0,0,3,13.9,20.2,21.5
2023-05-15,211032.35,51,2,3.3,3.3,2,0,0,0,0,0,0,5,12.385714285714286,22.9,21.2
2023-05-22,116176.94,45,2,0.9,0.9,0,0,0,0,0,0,0,7,13.799999999999999,23.0,19.7
2023-05-29,152655.74,25,3,0.0,0.0,0,0,0,0,0,0,0,7,15.442857142857141,23.6,19.9
2023-06-05,86862.29000000001,23,3,4.3,4.3,1,0,0,0,2,0,0,4,20.342857142857145,29.0,18.6
2023-06-12,28470.56,63,3,0.2,0.2,0,0,0,0,2,0,0,5,21.385714285714283,28.9,21.9
2023-06-19,443497.99,10,3,85.1,85.1,3,3,0,0,2,0,1,3,21.557142857142857,29.9,34.2
2023-06-26,115517.55,45,3,7.6,7.6,3,0,0,0,0,0,0,4,18.585714285714285,23.5,28.3
2023-07-03,78802.11,9,1,17.599999999999998,17.599999999999998,3,2,0,0,2,0,1,3,19.642857142857142,34.5,39.9
2023-07-10,135431.16,96,5,7.6000000000000005,7.6000000000000005,2,0,0,0,1,0,2,4,21.142857142857142,30.1,31.6
2023-07-17,287256.35,68,4,12.4,12.4,6,0,0,0,0,0,1,1,18.04285714285714,24.7,32.8
2023-07-24,281862.79,72,4,35.8,35.8,6,3,0,0,0,0,0,1,17.32857142857143,22.3,29.3
2023-07-31,49910.21,2,1,58.1,58.1,7,6,0,0,0,0,3,0,16.32857142857143,23.1,37.1
2023-08-21,70733.68,49,3,25.3,25.3,4,2,0,0,1,0,0,3,19.157142857142855,28.0,23.1
2023-08-28,163993.9,61,4,29.5,29.5,4,2,0,0,0,0,0,3,15.714285714285714,23.4,24.0
2023-09-04,181126.56,125,2,0.0,0.0,0,0,0,0,6,0,0,1,21.97142857142857,30.5,19.8
2023-09-11,354039.21,124,4,58.0,58.0,4,2,0,0,1,0,0,3,18.957142857142856,28.5,17.6
2023-09-18,222505.34,126,5,18.5,18.5,2,2,0,0,0,0,1,5,16.414285714285715,22.8,32.6
2023-09-25,332564.17,116,4,2.3,2.3,1,0,0,0,0,0,0,6,16.82857142857143,24.4,26.1
2023-10-02,134987.15,185,4,5.7,5.7,1,1,0,0,0,0,0,6,16.02857142857143,25.6,27.4
2023-10-09,246639.55,45,2,15.8,15.8,3,2,0,0,0,0,2,4,15.7,23.4,35.1
2023-10-16,135134.31,74,4,38.4,38.4,5,3,0,0,0,0,0,2,11.657142857142857,19.6,30.2
2023-10-23,232611.65,34,4,50.7,50.7,6,5,0,0,0,0,1,1,11.228571428571428,15.6,34.2
2023-10-30,229656.99000000002,66,4,22.700000000000003,22.700000000000003,6,1,0,0,0,1,3,1,10.742857142857144,15.4,43.0
2023-11-06,133576.56,76,4,25.3,25.3,5,2,0,0,0,0,2,2,8.014285714285714,11.4,34.0
2023-11-13,288920.28,64,4,44.2,44.2,7,4,0,0,0,0,3,0,8.842857142857143,14.9,34.5
2023-11-20,47684.97,66,2,23.5,27.8,4,2,0,3,0,0,0,3,5.957142857142857,11.1,29.0
2023-11-27,358588.55,86,4,21.799999999999997,28.2,2,1,6,7,0,0,0,0,0.5999999999999999,6.3,28.1
2023-12-04,100030.33,38,2,32.3,33.4,5,2,0,4,0,0,2,2,4.8999999999999995,10.6,36.9
2023-12-11,725019.46,175,5,10.5,10.5,3,0,0,1,0,0,1,4,6.914285714285714,11.2,32.8
2023-12-18,542594.87,161,5,45.0,45.0,6,4,0,1,0,0,3,1,6.914285714285714,10.6,35.6
2023-12-25,13396.169999999998,36,1,15.2,15.2,4,1,0,0,0,0,4,3,8.9,10.9,34.8
2024-01-15,25902.97,35,3,0.0,16.200000000000003,0,0,7,7,0,0,1,0,-1.7428571428571427,5.8,36.2
2024-01-22,34384.64,59,4,13.0,13.4,4,0,2,2,0,1,4,1,6.3999999999999995,12.8,44.6
2024-01-29,70077.56,152,4,12.399999999999999,12.399999999999999,3,1,0,0,0,0,0,4,7.6571428571428575,12.8,30.6
2024-02-05,254978.41,122,5,43.5,44.9,6,3,0,0,0,0,4,1,8.214285714285714,13.4,35.5
2024-02-19,222622.9,108,5,23.400000000000002,23.5,5,2,0,1,0,1,2,2,7.257142857142857,13.6,47.4
2024-02-26,228564.03,43,2,21.7,21.7,1,1,1,1,0,0,0,5,7.285714285714286,15.0,24.7
2024-03-04,268266.79,263,5,3.4000000000000004,3.4000000000000004,2,0,0,1,0,0,0,5,7.1000000000000005,14.4,24.5
2024-03-11,277121.37,62,3,48.800000000000004,48.800000000000004,5,3,0,0,0,0,0,2,9.728571428571428,17.2,28.9
2024-03-18,294171.86,74,4,21.2,23.1,4,1,0,0,0,0,1,3,9.542857142857143,18.4,32.1
2024-03-25,217891.59,16,2,12.1,12.1,5,0,0,0,0,0,2,2,9.385714285714286,17.5,34.7
2024-04-01,257419.94,97,4,26.6,26.6,6,3,0,0,0,0,2,1,13.085714285714285,24.6,32.7
2024-04-08,269021.82,79,4,7.7,7.7,2,1,0,0,0,0,1,5,13.657142857142857,22.6,33.5
2024-04-15,83633.56999999999,62,2,59.5,63.8,7,4,0,1,0,0,3,0,6.371428571428572,11.9,36.5
2024-04-22,223332.38,43,4,16.0,17.400000000000002,5,1,1,2,0,0,1,1,7.757142857142857,17.3,34.8
2024-04-29,337540.45,48,5,37.1,37.1,4,3,0,0,0,0,0,3,14.214285714285714,24.5,26.6
2024-05-06,9240.49,45,2,17.9,17.9,2,2,0,0,0,0,0,5,14.6,24.9,16.2
2024-05-13,317948.93,128,5,34.5,34.5,5,3,0,0,0,0,0,2,16.02857142857143,25.1,21.2
2024-05-20,236174.63999999998,55,4,69.1,69.1,5,4,0,0,0,0,0,2,14.957142857142856,21.9,21.2
2024-05-27,169536.76,136,5,44.3,44.3,6,3,0,0,0,0,0,1,14.428571428571429,18.6,25.9
2024-06-03,284611.99,88,4,1.5,1.5,1,0,0,0,0,0,0,6,14.042857142857143,20.5,22.4
2024-06-10,208008.69,108,5,16.3,16.3,4,2,0,0,0,0,1,3,13.257142857142856,18.9,37.1
2024-06-17,121329.67,74,5,52.2,52.2,5,2,0,0,0,0,0,2,16.657142857142855,22.5,19.8
2024-06-24,425874.29,106,4,15.8,15.8,2,1,0,0,2,0,0,3,20.25714285714286,28.8,22.6
2024-07-01,118652.94,44,4,14.4,14.4,5,0,0,0,0,0,1,2,15.200000000000001,21.4,31.2
2024-07-08,414941.0,65,5,44.5,44.5,3,1,0,0,1,0,0,4,17.814285714285713,30.0,23.6
2024-07-15,384525.94,100,4,13.3,13.3,4,1,0,0,1,0,0,3,20.7,30.4,25.5
2024-08-12,78740.42,55,3,26.6,26.6,4,3,0,0,2,0,0,2,21.8,32.7,21.0
2024-08-19,316616.14,93,5,12.299999999999999,12.299999999999999,3,1,0,0,1,0,1,4,18.571428571428573,28.6,33.9
2024-08-26,232854.68,58,4,11.3,11.3,2,1,0,0,2,0,0,3,20.042857142857144,30.8,16.6
2024-09-02,76488.31,31,4,52.1,52.1,5,3,0,0,1,0,0,2,19.771428571428572,28.4,20.8
2024-09-09,595291.27,55,5,24.9,24.9,4,2,0,0,0,0,0,3,12.328571428571427,18.6,30.6
2024-09-16,366200.87,60,5,1.6,1.6,0,0,0,0,0,0,0,7,16.7,24.3,25.3
2024-09-23,171765.65,36,5,39.5,39.5,6,4,0,0,0,0,2,1,13.457142857142857,20.1,35.7
2024-09-30,226901.19,62,5,6.9,6.9,1,0,0,0,0,0,0,6,10.7,16.6,29.7
2024-10-07,341593.13,42,5,59.5,59.5,6,2,0,0,0,0,0,1,12.457142857142857,19.0,26.6
2024-10-14,175211.63,60,3,22.7,22.7,3,2,0,0,0,0,0,4,13.799999999999999,22.6,28.0
2024-10-21,354255.47000000003,55,5,9.3,9.3,2,1,0,0,0,0,0,5,12.914285714285715,21.0,25.5
2024-10-28,312028.77,56,5,2.4,2.4,1,0,0,0,0,0,0,6,11.157142857142857,16.6,21.8
2024-11-04,149674.54,45,3,0.1,0.1,0,0,0,1,0,0,0,7,7.2,13.5,14.9
2024-11-11,303372.86,42,5,17.5,17.7,3,1,0,0,0,0,0,4,7.471428571428571,11.4,25.5
2024-11-18,208086.13,11,3,35.8,46.8,3,2,2,4,0,0,4,2,4.857142857142857,16.8,38.8
2024-11-25,204973.13,85,4,10.8,10.8,3,1,3,3,0,0,2,1,6.385714285714286,16.2,35.3
2024-12-02,678553.68,79,5,27.200000000000003,27.200000000000003,4,2,0,1,0,0,2,3,6.271428571428571,11.2,37.9
2024-12-09,465060.5,68,6,2.8000000000000003,2.8000000000000003,1,0,2,6,0,0,0,4,2.942857142857143,9.1,23.0
2024-12-16,505757.45,89,5,28.5,38.0,5,2,0,2,0,0,4,2,7.1571428571428575,13.0,36.1
2024-12-30,13113.85,4,2,33.2,38.2,3,2,3,5,0,0,3,1,2.6714285714285713,11.1,37.2
2025-01-06,7364.1,56,2,11.5,39.2,3,1,4,6,0,1,2,0,1.5999999999999999,12.6,42.4
2025-01-13,192411.95,14,2,1.3000000000000003,1.3000000000000003,1,0,6,7,0,0,0,0,-1.6428571428571428,3.7,14.3
2025-01-20,99848.86,61,3,43.5,43.6,5,4,3,5,0,0,3,0,3.5714285714285716,10.6,32.9
2025-01-27,317667.85,86,5,13.5,13.5,3,1,2,3,0,0,2,2,4.557142857142857,11.6,36.0
2025-02-03,296314.63,138,5,0.7,0.7,0,0,3,6,0,0,1,4,2.857142857142857,11.2,28.3
2025-02-10,189748.19,71,5,6.8999999999999995,12.1,2,0,5,7,0,0,0,1,1.5,5.9,23.1
2025-02-17,308148.93,86,4,1.5,1.5,1,0,3,3,0,0,0,3,5.742857142857143,17.0,26.9
2025-02-24,374067.98,77,5,14.5,14.5,4,1,1,4,0,0,0,2,5.885714285714286,13.6,23.9
2025-03-10,376395.14,49,5,2.1,2.1,1,0,5,5,0,0,0,2,4.285714285714286,16.3,18.5
2025-03-17,150944.2,21,2,2.4,2.4,2,0,2,2,0,0,0,3,9.685714285714285,21.3,20.6
2025-03-24,486039.66,19,3,4.0,4.0,2,0,0,0,0,0,0,5,8.871428571428572,15.9,26.2
2025-03-31,203638.25,72,4,0.1,0.1,0,0,0,0,0,0,0,7,10.657142857142857,21.1,24.7
2025-04-07,419514.75,60,4,3.3,3.3,1,0,0,0,0,0,0,6,10.957142857142857,24.0,22.5
2025-04-14,125627.23,52,3,33.7,33.7,6,4,0,0,0,0,0,1,11.042857142857143,19.6,17.2
2025-04-21,527654.0800000001,28,2,24.8,24.8,3,2,0,0,0,0,0,4,11.62857142857143,19.4,16.8
2025-04-28,202601.99,60,3,8.9,8.9,2,1,0,0,0,0,0,5,15.642857142857142,26.2,16.8
2025-05-05,171109.34,7,2,0.2,0.2,0,0,0,0,0,0,0,7,12.37142857142857,23.7,17.7
2025-05-12,668246.08,76,4,0.6000000000000001,0.6000000000000001,0,0,0,0,0,0,0,7,15.12857142857143,23.6,18.6
2025-05-19,6939.269999999995,23,2,12.5,12.5,3,1,0,0,0,0,0,4,13.5,22.1,26.0
2025-05-26,267897.56,48,3,30.299999999999997,30.299999999999997,4,3,0,0,0,0,1,3,16.47142857142857,24.4,30.7
2025-06-02,236933.64,11,2,34.9,34.9,4,3,0,0,0,0,2,3,15.457142857142857,22.8,29.1
2025-06-09,576208.45,24,3,4.8999999999999995,4.8999999999999995,2,0,0,0,3,0,0,3,19.014285714285712,31.8,26.1
2025-06-16,345696.54,63,2,0.7999999999999999,0.7999999999999999,0,0,0,0,2,0,0,5,21.114285714285717,32.0,20.6
2025-06-23,46897.719999999994,2,2,8.0,8.0,2,1,0,0,2,0,2,3,21.12857142857143,29.3,30.4
2025-06-30,327378.97,34,4,8.4,8.4,2,1,0,0,3,0,0,2,22.314285714285713,36.2,21.3
2025-07-07,416809.81,87,5,9.0,9.0,2,1,0,0,0,0,0,5,17.685714285714287,25.3,19.0
2025-07-14,417022.3,99,5,11.3,11.3,4,1,0,0,1,0,0,2,20.271428571428572,31.3,23.2
2025-08-11,18583.079999999998,51,2,1.1,1.1,1,0,0,0,4,0,0,2,22.428571428571427,32.3,15.2
2025-08-18,426905.14,49,4,1.2,1.2,0,0,0,0,1,0,0,6,17.9,28.1,22.4
2025-08-25,99680.47,42,3,12.100000000000001,12.100000000000001,3,1,0,0,1,0,0,3,19.057142857142857,28.9,22.4
2025-09-01,417115.21,53,4,13.100000000000001,13.100000000000001,2,1,0,0,1,0,1,4,18.014285714285712,28.4,31.1
2025-09-08,318125.08,57,5,68.8,68.8,5,3,0,0,0,0,0,2,15.585714285714285,23.9,27.2
2025-09-15,149516.41,12,2,9.2,9.2,2,0,0,0,0,0,2,5,17.27142857142857,26.7,30.7
2025-09-22,183155.77,43,4,3.9999999999999996,3.9999999999999996,1,0,0,0,0,0,0,6,11.728571428571428,18.0,23.1
2025-09-29,252182.97,66,5,18.7,18.7,2,1,0,0,0,0,1,5,12.0,17.9,33.7
2025-10-06,33907.009999999995,2,2,2.3,2.3,0,0,0,0,0,0,0,7,13.37142857142857,16.8,18.7
2025-10-13,304999.72,65,3,3.6,3.6,1,0,0,0,0,0,0,6,11.671428571428573,16.3,15.2
2025-10-20,325099.15,41,4,32.0,32.0,6,2,0,0,0,1,4,1,11.014285714285714,17.5,41.1
2025-10-27,476234.66000000003,78,5,22.3,22.3,6,2,0,0,0,0,2,1,10.657142857142857,15.1,29.2
2025-11-03,415571.22,54,6,1.2,1.2,0,0,0,0,0,0,0,7,11.157142857142857,17.2,25.6
2025-11-10,225802.2,73,5,10.1,10.1,4,0,0,0,0,0,0,3,11.828571428571427,17.4,21.3
2025-11-17,250930.63,57,5,15.4,20.4,5,1,2,7,0,0,1,0,2.1,6.3,28.4
2025-11-24,374841.46,67,5,15.3,15.8,4,1,0,3,0,0,0,3,5.771428571428571,10.9,24.3
2025-12-01,269063.34,17,4,14.0,14.0,4,1,0,1,0,0,0,3,7.071428571428571,13.7,30.0
2025-12-08,470876.2,79,6,12.6,12.6,2,1,0,0,0,0,0,5,9.257142857142856,14.3,29.1
2025-12-15,198034.78,123,5,1.5000000000000002,1.5000000000000002,1,0,0,0,0,0,0,6,8.557142857142857,13.6,25.6
2025-12-22,16726.41,3,2,0.0,0.0,0,0,5,7,0,0,0,2,0.9285714285714286,6.9,25.4
2025-12-29,590.0400000000001,4,1,2.3,14.0,1,0,6,7,0,0,1,0,0.24285714285714288,3.2,31.2
2026-01-05,3642.1399999999994,4,1,16.3,24.5,2,1,6,7,0,0,2,0,-0.8857142857142856,6.1,35.6
2026-01-12,50000.0,1,1,13.6,13.799999999999999,2,1,0,2,0,0,0,5,7.385714285714286,11.8,29.2
2026-01-19,47348.380000000005,3,2,0.2,0.2,0,0,4,4,0,0,0,3,3.4857142857142853,10.4,15.9
2026-01-26,147423.43,80,6,7.8999999999999995,9.5,1,1,3,5,0,0,0,4,3.057142857142857,9.3,15.3
2026-02-02,327089.85000000003,15,5,12.9,12.9,3,0,0,3,0,0,0,4,5.557142857142857,12.1,22.3
2026-02-09,316397.43,67,4,28.2,34.9,3,2,3,3,0,0,0,1,4.685714285714285,11.1,22.2
2026-02-23,161181.57,15,4,4.3,4.3,2,0,0,0,0,0,2,5,11.042857142857143,18.7,32.0
2026-03-02,182862.9,47,5,0.0,0.0,0,0,0,0,0,0,0,7,10.742857142857144,17.8,13.7
2026-03-09,149113.31,94,4,31.200000000000003,37.5,4,3,0,2,0,0,1,3,7.971428571428571,17.7,29.3
2026-03-16,175687.45,52,5,1.9,1.9,1,0,0,0,0,0,0,6,8.4,14.8,26.3
2026-03-23,103622.3,56,3,15.100000000000001,17.5,2,2,1,2,0,0,1,4,6.557142857142857,15.6,29.7
2026-03-30,130794.06,9,4,14.1,14.299999999999999,4,1,0,0,0,0,1,3,8.328571428571427,14.7,34.5
2026-04-06,104694.01,60,4,13.0,13.0,3,1,0,0,0,0,0,4,10.885714285714286,21.6,21.4
2026-04-13,277199.35,32,5,13.3,13.3,3,1,0,0,0,0,0,4,11.785714285714286,19.2,14.8
2026-04-20,130938.5,44,5,0.8,0.8,0,0,0,0,0,0,0,7,10.014285714285714,17.9,18.4
2026-04-27,131782.62,6,3,7.9,7.9,2,1,0,0,0,0,0,5,14.728571428571428,24.6,22.3
2026-05-04,160715.06,85,4,25.4,25.4,3,3,0,0,0,0,0,4,12.528571428571428,18.8,15.5
2026-05-11,155722.2,32,2,36.4,36.4,6,2,0,0,0,0,0,1,8.542857142857143,14.6,22.4
2026-05-18,104176.42,8,4,17.2,17.2,3,1,0,0,1,0,0,3,16.757142857142856,28.2,23.4
2026-05-25,156309.4,67,3,9.4,9.4,3,0,0,0,3,0,0,2,21.8,31.3,22.8
2026-06-01,176291.78,19,2,10.6,10.6,1,1,0,0,0,0,0,1,17.85,22.5,19.1
