strategy,label,weather_metric,coef,p,pct_per_unit,r2,r_season_adj,n,lag_weeks,r,target,n_extreme,rev_gap_eur
S1_fixed_effects,Peter Ummels (Brunssum),workable_days,0.13050564948743623,0.04312640808010306,13.940437692608976,0.24996698403571638,,,,,,,
S1_fixed_effects,Peter Ummels (Brunssum),windy_days,-2.126497994888002,0.15435250982767523,-88.07458077729751,0.2847582823693682,,,,,,,
S1_fixed_effects,Peter Ummels (Brunssum),heavy_rain_days,-0.06566741151620614,0.4492843957254914,-6.355773758274896,0.23021263375135104,,,,,,,
S1_fixed_effects,Peter Ummels (Brunssum),temp_mean_c,0.037677945799029236,0.48667947910540155,3.839675898352213,0.23170548267366797,,,,,,,
S1_fixed_effects,Peter Ummels (Brunssum),rain_days,0.03567333267139003,0.48819770877670277,3.631726020041315,0.22918328251588516,,,,,,,
S1_fixed_effects,Peter Ummels (Brunssum),rain_mm,0.0029450844224282458,0.5832813659665399,0.29494254440680656,0.22846856892555345,,,,,,,
S1_fixed_effects,Peter Ummels (Brunssum),frost_days,-0.08679074610564133,0.6659740891905139,-8.313106604395903,0.2325477047298442,,,,,,,
S1_fixed_effects,Peter Ummels (Brunssum),cold_days,-0.03611421930934225,0.8154404516256346,-3.5469880772828866,0.22887131550471973,,,,,,,
S1_fixed_effects,Peter Ummels (Brunssum),heat_days,-0.010664018216882648,0.9001365962767517,-1.0607359157884466,0.22762051243927262,,,,,,,
S2_distributed_lag,Peter Ummels (Brunssum),frost_days_roll2w,,0.035028075739016215,,,-0.16575882583379384,162.0,,,,,
S2_distributed_lag,Peter Ummels (Brunssum),workable_days_roll2w,,0.3670597585213501,,,0.07132941015051768,162.0,,,,,
S2_distributed_lag,Peter Ummels (Brunssum),heavy_rain_days_roll4w,,0.40457861690813296,,,-0.06633926516002787,160.0,,,,,
S2_distributed_lag,Peter Ummels (Brunssum),bad_days_roll2w,,0.4248488354984686,,,-0.06312598797186501,162.0,,,,,
S2_distributed_lag,Peter Ummels (Brunssum),heavy_rain_days_roll2w,,0.5406039813955771,,,-0.04842214492864976,162.0,,,,,
S2_distributed_lag,Peter Ummels (Brunssum),rain_days_roll3w,,0.6045919315794934,,,0.0411121009060591,161.0,,,,,
S2_distributed_lag,Peter Ummels (Brunssum),frost_days_roll3w,,0.607513428892034,,,-0.04078031610510659,161.0,,,,,
S2_distributed_lag,Peter Ummels (Brunssum),rain_days_roll2w,,0.6163868392292583,,,0.03965208666295107,162.0,,,,,
S2_distributed_lag,Peter Ummels (Brunssum),rain_days_roll4w,,0.6830756125882678,,,-0.03252302417346057,160.0,,,,,
S2_distributed_lag,Peter Ummels (Brunssum),workable_days_roll4w,,0.7331411125018581,,,0.02716247475919362,160.0,,,,,
S2_distributed_lag,Peter Ummels (Brunssum),bad_days_roll4w,,0.7389369039873894,,,-0.02655016131256592,160.0,,,,,
S2_distributed_lag,Peter Ummels (Brunssum),bad_days_roll3w,,0.751660690145494,,,0.025131665142448335,161.0,,,,,
S2_distributed_lag,Peter Ummels (Brunssum),workable_days_roll3w,,0.8135205569918307,,,-0.018734826803384137,161.0,,,,,
S2_distributed_lag,Peter Ummels (Brunssum),heavy_rain_days_roll3w,,0.8399111052006707,,,-0.016044387464183484,161.0,,,,,
S2_distributed_lag,Peter Ummels (Brunssum),frost_days_roll4w,,0.9306387022104878,,,0.006935514050058515,160.0,,,,,
S3_forward_lag,Peter Ummels (Brunssum),rain_days,,0.05159402807854731,,,,,3.0,-0.1541722786562679,,,
S3_forward_lag,Peter Ummels (Brunssum),workable_days,,0.07732100516850078,,,,,2.0,-0.13962065707095328,,,
S3_forward_lag,Peter Ummels (Brunssum),rain_days,,0.0800784953556101,,,,,7.0,0.14056451315860624,,,
S3_forward_lag,Peter Ummels (Brunssum),frost_days,,0.08454502796451276,,,,,3.0,0.1367962940415193,,,
S3_forward_lag,Peter Ummels (Brunssum),workable_days,,0.14237644197747776,,,,,0.0,0.11540807064869416,,,
S3_forward_lag,Peter Ummels (Brunssum),workable_days,,0.19320939569485424,,,,,7.0,-0.10473040592712686,,,
S3_forward_lag,Peter Ummels (Brunssum),frost_days,,0.2484635809601644,,,,,2.0,0.09147690683344487,,,
S3_forward_lag,Peter Ummels (Brunssum),heat_days,,0.29302336586924305,,,,,2.0,0.0833760451582762,,,
S3_forward_lag,Peter Ummels (Brunssum),heat_days,,0.29627029309075553,,,,,6.0,-0.08388067937376283,,,
S3_forward_lag,Peter Ummels (Brunssum),workable_days,,0.3722758085362078,,,,,3.0,0.07100371105626711,,,
S3_forward_lag,Peter Ummels (Brunssum),rain_days,,0.3831004561036971,,,,,1.0,0.06897881009844356,,,
S3_forward_lag,Peter Ummels (Brunssum),heat_days,,0.38709298414786775,,,,,4.0,-0.06905405956400106,,,
S3_forward_lag,Peter Ummels (Brunssum),frost_days,,0.42375025946186007,,,,,6.0,0.0642891774971421,,,
S3_forward_lag,Peter Ummels (Brunssum),frost_days,,0.4286709550891265,,,,,0.0,-0.062412408272403366,,,
S3_forward_lag,Peter Ummels (Brunssum),rain_days,,0.4323861910014649,,,,,4.0,0.06269706777707401,,,
S3_forward_lag,Peter Ummels (Brunssum),rain_days,,0.5308378064577087,,,,,6.0,-0.05038918420366811,,,
S3_forward_lag,Peter Ummels (Brunssum),frost_days,,0.5344170145773508,,,,,8.0,0.05027761678801872,,,
S3_forward_lag,Peter Ummels (Brunssum),heat_days,,0.5720645520768072,,,,,7.0,-0.04558034722335053,,,
S3_forward_lag,Peter Ummels (Brunssum),heat_days,,0.604743685209882,,,,,8.0,-0.04189476809443204,,,
S3_forward_lag,Peter Ummels (Brunssum),workable_days,,0.6049961821543762,,,,,1.0,-0.040937322417546634,,,
S3_forward_lag,Peter Ummels (Brunssum),heat_days,,0.6368935819481909,,,,,5.0,-0.03784102018073982,,,
S3_forward_lag,Peter Ummels (Brunssum),workable_days,,0.6650990743237386,,,,,4.0,-0.03459259601085606,,,
S3_forward_lag,Peter Ummels (Brunssum),workable_days,,0.6743120690647443,,,,,5.0,0.033690307496547243,,,
S3_forward_lag,Peter Ummels (Brunssum),workable_days,,0.6744317857809801,,,,,6.0,0.03378592469101695,,,
S3_forward_lag,Peter Ummels (Brunssum),rain_days,,0.7013460878417395,,,,,2.0,0.03045463636181184,,,
S3_forward_lag,Peter Ummels (Brunssum),frost_days,,0.7231281759438829,,,,,7.0,0.0285893255902356,,,
S3_forward_lag,Peter Ummels (Brunssum),heat_days,,0.7328009821818849,,,,,1.0,0.027027461187388146,,,
S3_forward_lag,Peter Ummels (Brunssum),frost_days,,0.7576767244840749,,,,,5.0,-0.024738247686872734,,,
S3_forward_lag,Peter Ummels (Brunssum),frost_days,,0.788989314427925,,,,,1.0,0.021188181804463236,,,
S3_forward_lag,Peter Ummels (Brunssum),rain_days,,0.7929325615234013,,,,,0.0,0.02071817261172806,,,
S3_forward_lag,Peter Ummels (Brunssum),workable_days,,0.8039485278493677,,,,,8.0,0.02009982197475,,,
S3_forward_lag,Peter Ummels (Brunssum),heat_days,,0.8107199667709751,,,,,0.0,0.018902675684032037,,,
S3_forward_lag,Peter Ummels (Brunssum),rain_days,,0.8590885110936651,,,,,5.0,0.014236217116958308,,,
S3_forward_lag,Peter Ummels (Brunssum),rain_days,,0.8792460721534866,,,,,8.0,0.012302029929543217,,,
S3_forward_lag,Peter Ummels (Brunssum),frost_days,,0.9226416071263805,,,,,4.0,0.0077621971642826155,,,
S3_forward_lag,Peter Ummels (Brunssum),heat_days,,0.9985113836758931,,,,,3.0,-0.00014866255479042853,,,
S4_deseason_detrend,Peter Ummels (Brunssum),frost_days,,0.07061670483898985,,,,,,-0.14198275563313745,,,
S4_deseason_detrend,Peter Ummels (Brunssum),cold_days,,0.10233335057473948,,,,,,-0.1284148981562917,,,
S4_deseason_detrend,Peter Ummels (Brunssum),workable_days,,0.15030232515916328,,,,,,0.11317789203161815,,,
S4_deseason_detrend,Peter Ummels (Brunssum),temp_mean_c,,0.2881266093073371,,,,,,0.08369913279915815,,,
S4_deseason_detrend,Peter Ummels (Brunssum),rain_mm,,0.5015578036399517,,,,,,0.053009215867867054,,,
S4_deseason_detrend,Peter Ummels (Brunssum),windy_days,,0.6091933182873056,,,,,,-0.04033637693010568,,,
S4_deseason_detrend,Peter Ummels (Brunssum),rain_days,,0.6492530290426038,,,,,,0.035887403522921316,,,
S4_deseason_detrend,Peter Ummels (Brunssum),heavy_rain_days,,0.6976825101493619,,,,,,-0.030654571355791818,,,
S4_deseason_detrend,Peter Ummels (Brunssum),heat_days,,0.8372939055919366,,,,,,-0.016208414093870225,,,
S5_activity,Peter Ummels (Brunssum),heat_days,,0.023158913802270246,,,-0.17781163809951864,,,,active_days,,
S5_activity,Peter Ummels (Brunssum),workable_days,,0.039246949664239576,,,0.161656492312403,,,,active_days,,
S5_activity,Peter Ummels (Brunssum),frost_days,,0.04853719824519529,,,-0.1547674867741269,,,,invoice_lines,,
S5_activity,Peter Ummels (Brunssum),frost_days,,0.05023991966628328,,,-0.15362646104547684,,,,active_days,,
S5_activity,Peter Ummels (Brunssum),rain_days,,0.4147267406378215,,,0.06431179482954519,,,,active_days,,
S5_activity,Peter Ummels (Brunssum),workable_days,,0.49836723691121865,,,0.05340464764056892,,,,invoice_lines,,
S5_activity,Peter Ummels (Brunssum),rain_days,,0.569316266048835,,,0.04489514751908072,,,,invoice_lines,,
S5_activity,Peter Ummels (Brunssum),windy_days,,0.6581094929939779,,,0.03491937881067587,,,,invoice_lines,,
S5_activity,Peter Ummels (Brunssum),heat_days,,0.6625423676070934,,,0.03443681718120141,,,,invoice_lines,,
S5_activity,Peter Ummels (Brunssum),windy_days,,0.8064442362972769,,,-0.019338144462820183,,,,active_days,,
S6_extreme,Peter Ummels (Brunssum),workable_days,,0.2992,,,,,,,,38.0,-13529.0
S6_extreme,Peter Ummels (Brunssum),rain_mm,,0.3546,,,,,,,,17.0,63207.0
S6_extreme,Peter Ummels (Brunssum),frost_days,,0.3913,,,,,,,,22.0,-24476.0
S6_extreme,Peter Ummels (Brunssum),heat_days,,0.7356,,,,,,,,26.0,28805.0
S1_fixed_effects,Gilde GB (Valkenswaard),workable_days,0.08100796495467347,0.20135571931735674,8.437953356619744,0.17899835228206007,,,,,,,
S1_fixed_effects,Gilde GB (Valkenswaard),cold_days,-0.13984448378651157,0.2907832345748963,-13.050655478687334,0.18953496109003265,,,,,,,
S1_fixed_effects,Gilde GB (Valkenswaard),windy_days,0.2506097054281442,0.2920058782542426,28.480853266494254,0.17146310920118202,,,,,,,
S1_fixed_effects,Gilde GB (Valkenswaard),frost_days,-0.16762648853807036,0.32035926063910913,-15.433035699335795,0.18824211550185632,,,,,,,
S1_fixed_effects,Gilde GB (Valkenswaard),temp_mean_c,0.05614082298854223,0.3785607695966007,5.774662829027277,0.1792300904415327,,,,,,,
S1_fixed_effects,Gilde GB (Valkenswaard),heat_days,0.10373787399353321,0.41206536144368133,10.930963789657877,0.17295226468626546,,,,,,,
S1_fixed_effects,Gilde GB (Valkenswaard),rain_days,0.028655685874632242,0.6032560784288091,2.9070210059533252,0.1720322752767477,,,,,,,
S1_fixed_effects,Gilde GB (Valkenswaard),rain_mm,-0.0007633528232497133,0.9274831076686022,-0.0763061543604393,0.17099033938976937,,,,,,,
S1_fixed_effects,Gilde GB (Valkenswaard),heavy_rain_days,-0.010647588122826401,0.938070018037737,-1.0591103210193853,0.17100563119369483,,,,,,,
S2_distributed_lag,Gilde GB (Valkenswaard),workable_days_roll2w,,0.003514464175532485,,,0.22203737693856623,171.0,,,,,
S2_distributed_lag,Gilde GB (Valkenswaard),bad_days_roll2w,,0.003764746356309048,,,-0.22044139095547968,171.0,,,,,
S2_distributed_lag,Gilde GB (Valkenswaard),workable_days_roll3w,,0.02377396089259275,,,0.173356615856619,170.0,,,,,
S2_distributed_lag,Gilde GB (Valkenswaard),bad_days_roll3w,,0.025515171364631186,,,-0.17129822244554324,170.0,,,,,
S2_distributed_lag,Gilde GB (Valkenswaard),frost_days_roll2w,,0.04955882324795185,,,-0.15041962389784141,171.0,,,,,
S2_distributed_lag,Gilde GB (Valkenswaard),frost_days_roll3w,,0.06140288877695009,,,-0.14378161859559327,170.0,,,,,
S2_distributed_lag,Gilde GB (Valkenswaard),workable_days_roll4w,,0.091857228819809,,,0.13008167457311448,169.0,,,,,
S2_distributed_lag,Gilde GB (Valkenswaard),bad_days_roll4w,,0.09653890085221312,,,-0.12825949288582278,169.0,,,,,
S2_distributed_lag,Gilde GB (Valkenswaard),rain_days_roll2w,,0.11430803646971016,,,-0.12120184898609856,171.0,,,,,
S2_distributed_lag,Gilde GB (Valkenswaard),frost_days_roll4w,,0.2135971246189491,,,-0.09616373399186944,169.0,,,,,
S2_distributed_lag,Gilde GB (Valkenswaard),rain_days_roll3w,,0.23341824344604056,,,-0.09187594585352174,170.0,,,,,
S2_distributed_lag,Gilde GB (Valkenswaard),rain_days_roll4w,,0.3070497117303983,,,-0.07903530333170213,169.0,,,,,
S2_distributed_lag,Gilde GB (Valkenswaard),heavy_rain_days_roll2w,,0.6079358214227217,,,-0.03950622788360485,171.0,,,,,
S2_distributed_lag,Gilde GB (Valkenswaard),heavy_rain_days_roll3w,,0.9462495096266896,,,0.005209066880414559,170.0,,,,,
S2_distributed_lag,Gilde GB (Valkenswaard),heavy_rain_days_roll4w,,0.9693159981103243,,,-0.0029810548423999106,169.0,,,,,
S3_forward_lag,Gilde GB (Valkenswaard),rain_days,,0.017007620220259454,,,,,1.0,-0.18230851070270115,,,
S3_forward_lag,Gilde GB (Valkenswaard),rain_days,,0.018875751058105374,,,,,8.0,0.18319292385796523,,,
S3_forward_lag,Gilde GB (Valkenswaard),frost_days,,0.023967068437427238,,,,,0.0,-0.17211305964540358,,,
S3_forward_lag,Gilde GB (Valkenswaard),workable_days,,0.026946493139084423,,,,,1.0,0.1691975372241121,,,
S3_forward_lag,Gilde GB (Valkenswaard),heat_days,,0.0331143778297632,,,,,6.0,-0.1654824291084928,,,
S3_forward_lag,Gilde GB (Valkenswaard),workable_days,,0.11100838725136909,,,,,0.0,0.12195198902215683,,,
S3_forward_lag,Gilde GB (Valkenswaard),frost_days,,0.13400165147369486,,,,,5.0,-0.11643769236678204,,,
S3_forward_lag,Gilde GB (Valkenswaard),heat_days,,0.2076252829622175,,,,,8.0,-0.09891409177764714,,,
S3_forward_lag,Gilde GB (Valkenswaard),heat_days,,0.21623403715083278,,,,,5.0,-0.09619173608241054,,,
S3_forward_lag,Gilde GB (Valkenswaard),heat_days,,0.22049303375751605,,,,,7.0,-0.09589213475639694,,,
S3_forward_lag,Gilde GB (Valkenswaard),rain_days,,0.22582441139602336,,,,,7.0,0.09479882582853541,,,
S3_forward_lag,Gilde GB (Valkenswaard),workable_days,,0.23622463796304846,,,,,2.0,-0.09132900262042735,,,
S3_forward_lag,Gilde GB (Valkenswaard),heat_days,,0.3144785421868587,,,,,0.0,0.07714496476614369,,,
S3_forward_lag,Gilde GB (Valkenswaard),heat_days,,0.3377505040559187,,,,,4.0,-0.0744120638474948,,,
S3_forward_lag,Gilde GB (Valkenswaard),workable_days,,0.3396536960866291,,,,,7.0,-0.07479940106285903,,,
S3_forward_lag,Gilde GB (Valkenswaard),workable_days,,0.3901420485341994,,,,,8.0,-0.0675446847681157,,,
S3_forward_lag,Gilde GB (Valkenswaard),workable_days,,0.4017653908398561,,,,,4.0,0.06510697941608963,,,
S3_forward_lag,Gilde GB (Valkenswaard),frost_days,,0.4150890994832709,,,,,8.0,-0.06406311992031953,,,
S3_forward_lag,Gilde GB (Valkenswaard),frost_days,,0.44187202143463994,,,,,3.0,0.05954602273582227,,,
S3_forward_lag,Gilde GB (Valkenswaard),workable_days,,0.47874564222222976,,,,,5.0,0.05518426074112148,,,
S3_forward_lag,Gilde GB (Valkenswaard),rain_days,,0.5421694749418144,,,,,5.0,0.047497399593708495,,,
S3_forward_lag,Gilde GB (Valkenswaard),rain_days,,0.571012666836397,,,,,6.0,0.044286701974782273,,,
S3_forward_lag,Gilde GB (Valkenswaard),rain_days,,0.5862516004442622,,,,,2.0,0.04203573807136501,,,
S3_forward_lag,Gilde GB (Valkenswaard),rain_days,,0.6189535774050551,,,,,3.0,-0.038528194332317675,,,
S3_forward_lag,Gilde GB (Valkenswaard),workable_days,,0.6306653671880033,,,,,3.0,-0.037247491527616215,,,
S3_forward_lag,Gilde GB (Valkenswaard),frost_days,,0.6885433985088156,,,,,6.0,-0.031339810837190694,,,
S3_forward_lag,Gilde GB (Valkenswaard),rain_days,,0.7066637395925975,,,,,4.0,-0.02924745393867867,,,
S3_forward_lag,Gilde GB (Valkenswaard),frost_days,,0.7174605924113401,,,,,1.0,0.027870767988788868,,,
S3_forward_lag,Gilde GB (Valkenswaard),heat_days,,0.7448341383038797,,,,,3.0,-0.025218446328282722,,,
S3_forward_lag,Gilde GB (Valkenswaard),frost_days,,0.7747465981818717,,,,,4.0,-0.022241956264232567,,,
S3_forward_lag,Gilde GB (Valkenswaard),frost_days,,0.8632092260337646,,,,,7.0,-0.013514921960605695,,,
S3_forward_lag,Gilde GB (Valkenswaard),workable_days,,0.8836281202977124,,,,,6.0,-0.011446755640911459,,,
S3_forward_lag,Gilde GB (Valkenswaard),heat_days,,0.9002724642021029,,,,,1.0,-0.009653827318228232,,,
S3_forward_lag,Gilde GB (Valkenswaard),heat_days,,0.9024918305925429,,,,,2.0,0.009466036782107067,,,
S3_forward_lag,Gilde GB (Valkenswaard),rain_days,,0.9329853337559396,,,,,0.0,-0.006458788257384584,,,
S3_forward_lag,Gilde GB (Valkenswaard),frost_days,,0.9701825550189598,,,,,2.0,0.002888166392748731,,,
S4_deseason_detrend,Gilde GB (Valkenswaard),frost_days,,0.006123043818609102,,,,,,-0.20823059871826904,,,
S4_deseason_detrend,Gilde GB (Valkenswaard),cold_days,,0.00631889955028202,,,,,,-0.20746073582141097,,,
S4_deseason_detrend,Gilde GB (Valkenswaard),temp_mean_c,,0.09988554127065721,,,,,,0.12587957582613654,,,
S4_deseason_detrend,Gilde GB (Valkenswaard),workable_days,,0.11309619331708548,,,,,,0.12124952945046716,,,
S4_deseason_detrend,Gilde GB (Valkenswaard),heavy_rain_days,,0.5242367633983008,,,,,,0.048885113889068826,,,
S4_deseason_detrend,Gilde GB (Valkenswaard),heat_days,,0.7159524654214275,,,,,,0.027943435448185346,,,
S4_deseason_detrend,Gilde GB (Valkenswaard),rain_mm,,0.7578836970816453,,,,,,0.023674017820177293,,,
S4_deseason_detrend,Gilde GB (Valkenswaard),windy_days,,0.7688997350560752,,,,,,0.022564824049874865,,,
S4_deseason_detrend,Gilde GB (Valkenswaard),rain_days,,0.8441413265779247,,,,,,0.01509978675155775,,,
S5_activity,Gilde GB (Valkenswaard),frost_days,,0.237138815179793,,,-0.0906146906989956,,,,active_days,,
S5_activity,Gilde GB (Valkenswaard),workable_days,,0.36726649375625614,,,0.06916875968887562,,,,active_days,,
S5_activity,Gilde GB (Valkenswaard),frost_days,,0.4085594636574349,,,-0.06341374691308224,,,,invoice_lines,,
S5_activity,Gilde GB (Valkenswaard),rain_days,,0.42748128364923754,,,0.06089234551990771,,,,invoice_lines,,
S5_activity,Gilde GB (Valkenswaard),windy_days,,0.4428710745632291,,,0.05888880061771489,,,,invoice_lines,,
S5_activity,Gilde GB (Valkenswaard),heat_days,,0.7321637653687247,,,0.02628336116235181,,,,active_days,,
S5_activity,Gilde GB (Valkenswaard),rain_days,,0.7571439942877337,,,0.023748670889970208,,,,active_days,,
S5_activity,Gilde GB (Valkenswaard),workable_days,,0.7684283300646246,,,-0.022612192266306612,,,,invoice_lines,,
S5_activity,Gilde GB (Valkenswaard),heat_days,,0.890901117185815,,,-0.01053519268249227,,,,invoice_lines,,
S5_activity,Gilde GB (Valkenswaard),windy_days,,0.9038333774564262,,,-0.009279930605936619,,,,active_days,,
S6_extreme,Gilde GB (Valkenswaard),rain_mm,,0.1858,,,,,,,,18.0,66888.0
S6_extreme,Gilde GB (Valkenswaard),heat_days,,0.2939,,,,,,,,24.0,46369.0
S6_extreme,Gilde GB (Valkenswaard),frost_days,,0.3828,,,,,,,,24.0,-26120.0
S6_extreme,Gilde GB (Valkenswaard),workable_days,,0.5267,,,,,,,,38.0,-38899.0
S7_panel,POOLED(2),workable_days,0.10425622523585677,0.030317785817294947,10.988479898035685,,,335.0,,,,,
S7_panel,POOLED(2),temp_mean_c,0.05232518931899223,0.21388617780399233,5.3718344755991465,,,335.0,,,,,
S7_panel,POOLED(2),windy_days,-1.1542803461344584,0.24931671566244273,-68.47156491182969,,,335.0,,,,,
S7_panel,POOLED(2),frost_days,-0.1287375914853525,0.32216940505632075,-12.079535393676188,,,335.0,,,,,
S7_panel,POOLED(2),cold_days,-0.09544368277893918,0.3560740088918525,-9.103044914862613,,,335.0,,,,,
S7_panel,POOLED(2),heat_days,0.06275446787987632,0.40973802969135253,6.476537303396879,,,335.0,,,,,
S7_panel,POOLED(2),rain_days,0.031879092253018146,0.42390373658407554,3.2392673486551615,,,335.0,,,,,
S7_panel,POOLED(2),heavy_rain_days,-0.04661903357751336,0.5633029824927254,-4.554905790230102,,,335.0,,,,,
S7_panel,POOLED(2),rain_mm,0.0015116079611668595,0.7695287840328051,0.15127510163588376,,,335.0,,,,,
