week_start,revenue,invoice_lines,active_days,rain_mm,rain_days,heavy_rain_days,frost_days,cold_days,heat_days,windy_days,bad_days,workable_days,temp_mean_c,company,month,year,t,log_rev
2023-01-02,118.16,3,1,3.5,1,0,0,0,0,0,1,3,9.925,gilde,1,2023,0,4.7720396382231245
2023-01-09,95218.54,31,6,55.6,7,3,0,0,0,0,7,0,7.814285714285715,gilde,1,2023,1,11.463929949717706
2023-01-16,57042.25,35,5,9.2,1,1,6,7,0,0,7,0,0.8142857142857142,gilde,1,2023,2,10.95154750031301
2023-01-23,70531.73,23,5,1.1,0,0,5,7,0,0,5,2,1.5714285714285714,gilde,1,2023,3,11.163817958470807
2023-01-30,177322.19,43,5,7.2,4,0,0,1,0,0,4,3,6.6571428571428575,gilde,1,2023,4,12.085723639335395
2023-02-06,226440.76,42,5,0.2,0,0,5,5,0,0,5,2,2.914285714285714,gilde,2,2023,5,12.330238644442439
2023-02-13,324919.58999999997,89,5,6.1,3,0,1,0,0,0,4,3,7.6000000000000005,gilde,2,2023,6,12.691333015315024
2023-02-20,88208.85,32,4,11.299999999999999,3,1,1,3,0,0,4,3,5.328571428571428,gilde,2,2023,7,11.387462577097203
2023-02-27,190361.99,48,4,1.0,0,0,5,7,0,0,5,2,2.3285714285714287,gilde,2,2023,8,12.15668274905727
2023-03-06,308404.23,62,5,39.1,5,3,3,5,0,0,7,0,3.914285714285714,gilde,3,2023,9,12.639166636530556
2023-03-13,140702.75,32,4,13.5,5,0,0,1,0,0,5,2,9.485714285714286,gilde,3,2023,10,11.854404788042963
2023-03-20,268780.56,53,5,34.0,6,3,0,0,0,1,6,1,9.828571428571427,gilde,3,2023,11,12.501650563587239
2023-03-27,268249.25,52,5,33.8,6,2,1,2,0,0,6,1,8.257142857142856,gilde,3,2023,12,12.499671864589688
2023-04-03,229483.12,51,5,7.800000000000001,2,1,2,3,0,0,4,3,6.585714285714286,gilde,4,2023,13,12.343584754579458
2023-04-10,174665.79,49,4,20.1,3,1,0,0,0,0,3,4,9.242857142857144,gilde,4,2023,14,12.070629655538504
2023-04-17,424978.95,97,5,15.7,4,1,0,0,0,0,4,3,10.228571428571428,gilde,4,2023,15,12.959794917268168
2023-04-24,83038.12999999999,56,4,27.7,3,2,1,0,0,0,4,3,9.071428571428571,gilde,4,2023,16,11.32705517887833
2023-05-01,350011.37,35,4,25.2,3,2,0,0,0,0,3,4,12.885714285714286,gilde,5,2023,17,12.765720918652233
2023-05-08,263650.73,40,5,39.1,4,3,0,0,0,0,4,3,14.357142857142858,gilde,5,2023,18,12.482380513777084
2023-05-15,319012.02,29,3,2.1,1,0,0,0,0,0,1,6,12.714285714285714,gilde,5,2023,19,12.672984061307883
2023-05-22,270143.19,38,5,1.3,0,0,0,0,0,0,0,7,14.028571428571428,gilde,5,2023,20,12.506707430736823
2023-05-29,197596.56,56,4,0.0,0,0,0,0,0,0,0,7,15.471428571428572,gilde,5,2023,21,12.193982655237486
2023-06-05,533400.59,97,5,0.1,0,0,0,0,3,0,3,4,20.814285714285713,gilde,6,2023,22,13.187027996841175
2023-06-12,284141.58,74,5,0.8,0,0,0,0,1,0,1,6,22.12857142857143,gilde,6,2023,23,12.55722791404973
2023-06-19,346129.47,34,5,45.2,2,2,0,0,2,0,3,4,21.728571428571428,gilde,6,2023,24,12.754568174799406
2023-06-26,235505.63,41,5,4.1,1,0,0,0,0,0,1,6,18.885714285714283,gilde,6,2023,25,12.369490098734593
2023-07-03,331098.92,36,5,12.2,3,0,0,0,3,0,5,2,19.785714285714285,gilde,7,2023,26,12.710172461675594
2023-07-10,203769.85,71,5,10.700000000000001,5,0,0,0,1,0,5,2,20.542857142857144,gilde,7,2023,27,12.22474644967065
2023-07-17,204494.31,37,5,10.7,5,0,0,0,0,0,5,2,17.642857142857142,gilde,7,2023,28,12.22829543011702
2023-07-24,432808.3,122,5,57.8,6,4,0,0,0,0,6,1,17.45714285714286,gilde,7,2023,29,12.978050183779692
2023-07-31,63.14000000000003,13,1,54.3,7,5,0,0,0,0,7,0,16.4,gilde,7,2023,30,4.145354483129846
2023-08-21,43590.0,3,1,16.3,4,2,0,0,0,0,4,3,19.0,gilde,8,2023,31,10.682583045232438
2023-08-28,46474.61,46,5,15.000000000000002,3,1,0,0,0,0,3,4,15.9,gilde,8,2023,32,10.746661420946044
2023-09-04,131062.04000000001,19,4,0.0,0,0,0,0,6,0,6,1,21.985714285714288,gilde,9,2023,33,11.783426077862247
2023-09-11,288444.1,47,5,19.1,4,2,0,0,1,0,5,2,18.957142857142856,gilde,9,2023,34,12.572256585324347
2023-09-18,434004.97,39,5,20.0,4,2,0,0,0,0,4,3,16.47142857142857,gilde,9,2023,35,12.980811264629876
2023-09-25,400822.1,78,5,3.9,1,0,0,0,0,0,1,6,16.82857142857143,gilde,9,2023,36,12.901272966953213
2023-10-02,478927.77999999997,39,5,6.7,1,1,0,0,0,0,1,6,16.285714285714285,gilde,10,2023,37,13.079305092583157
2023-10-09,443219.83,52,5,27.0,4,3,0,0,0,0,4,3,15.557142857142859,gilde,10,2023,38,13.001821156194067
2023-10-16,275618.75,69,5,30.7,4,2,0,0,0,0,4,3,11.799999999999999,gilde,10,2023,39,12.526773849189187
2023-10-23,330543.15,62,5,47.1,6,4,0,0,0,0,6,1,11.1,gilde,10,2023,40,12.708492489509638
2023-10-30,395045.88,87,5,29.2,7,3,0,0,0,1,7,0,10.799999999999999,gilde,10,2023,41,12.886757189036883
2023-11-06,48574.770000000004,51,5,15.2,3,1,0,0,0,0,3,4,8.328571428571427,gilde,11,2023,42,10.790859539288471
2023-11-13,479885.11,98,5,47.800000000000004,5,3,0,0,0,0,5,2,8.914285714285715,gilde,11,2023,43,13.081302000067627
2023-11-20,422384.26,70,5,10.299999999999999,4,0,1,3,0,0,5,2,6.3999999999999995,gilde,11,2023,44,12.95367074742232
2023-11-27,235248.61,69,5,23.3,2,1,6,7,0,0,7,0,0.5857142857142857,gilde,11,2023,45,12.368398148822306
2023-12-04,304679.35,89,5,21.5,5,1,1,4,0,0,6,1,4.742857142857143,gilde,12,2023,46,12.627015191098602
2023-12-11,489843.1,92,4,9.9,3,1,0,0,0,0,3,4,7.1,gilde,12,2023,47,13.101840414728903
2023-12-18,434782.81,73,6,41.3,6,4,0,1,0,0,6,1,7.685714285714285,gilde,12,2023,48,12.982601898029063
2023-12-25,56232.21,42,4,27.3,5,2,0,0,0,0,5,2,9.214285714285714,gilde,12,2023,49,10.93724500337715
2024-01-01,4486.86,76,5,41.9,5,3,1,2,0,0,6,1,6.457142857142857,gilde,1,2024,50,8.408908404241163
2024-01-08,169639.1,10,4,0.5,0,0,5,7,0,0,5,2,-1.457142857142857,gilde,1,2024,51,12.041428518221942
2024-01-15,79631.94,90,5,0.7,0,0,7,7,0,0,7,0,-0.6714285714285715,gilde,1,2024,52,11.285170547632108
2024-01-22,53907.21,43,4,14.8,4,0,1,2,0,1,5,2,6.742857142857143,gilde,1,2024,53,10.89501951418495
2024-01-29,214161.63999999998,34,4,8.0,3,0,0,0,0,0,3,4,7.942857142857143,gilde,1,2024,54,12.274486335990838
2024-02-05,211315.6,81,5,44.8,6,3,0,1,0,0,6,1,8.328571428571427,gilde,2,2024,55,12.261108029558548
2024-02-12,87267.36,36,4,21.5,5,2,0,0,0,0,5,2,9.271428571428572,gilde,2,2024,56,11.376731788754446
2024-02-19,383707.15,65,5,21.4,6,2,0,1,0,0,6,1,7.442857142857143,gilde,2,2024,57,12.857634910411178
2024-02-26,218277.37,19,4,24.299999999999997,4,1,1,2,0,0,5,2,7.171428571428571,gilde,2,2024,58,12.29352187248285
2024-03-04,326251.94,71,5,2.6,1,0,1,0,0,0,2,5,7.085714285714286,gilde,3,2024,59,12.695425183961515
2024-03-11,217892.63999999998,69,5,40.9,5,1,0,0,0,0,5,2,9.942857142857141,gilde,3,2024,60,12.291757743400348
2024-03-18,299911.14,82,5,16.1,3,2,0,0,0,0,3,4,9.414285714285715,gilde,3,2024,61,12.611241509762454
2024-03-25,313238.44,28,5,17.5,5,0,0,0,0,0,5,2,9.414285714285715,gilde,3,2024,62,12.654719968645603
2024-04-01,314056.14,48,4,20.5,4,1,0,0,0,0,4,3,13.171428571428573,gilde,4,2024,63,12.657327038718314
2024-04-08,181463.65,61,5,12.299999999999999,3,1,0,0,0,0,3,4,13.9,gilde,4,2024,64,12.108810637147137
2024-04-15,374681.54,77,5,47.9,6,4,0,0,0,0,6,1,7.014285714285714,gilde,4,2024,65,12.833831717488636
2024-04-22,138395.16999999998,76,5,15.6,6,0,1,0,0,0,7,0,7.971428571428571,gilde,4,2024,66,11.837868422712797
2024-04-29,412416.19,30,5,26.7,6,2,0,0,0,0,6,1,14.385714285714286,gilde,4,2024,67,12.929788288356306
2024-05-06,256898.11,34,3,24.0,2,2,0,0,0,0,2,5,15.014285714285714,gilde,5,2024,68,12.456434826122683
2024-05-13,308320.73,44,5,38.9,5,5,0,0,0,0,5,2,16.7,gilde,5,2024,69,12.638895851315343
2024-05-20,200110.14,22,4,54.8,7,3,0,0,0,0,7,0,15.442857142857141,gilde,5,2024,70,12.206623193950577
2024-05-27,465374.65,88,5,26.7,5,2,0,0,0,0,5,2,14.914285714285715,gilde,5,2024,71,13.050598059093081
2024-06-03,284702.09,54,5,0.8999999999999999,0,0,0,0,0,0,0,7,14.200000000000001,gilde,6,2024,72,12.55919861429995
2024-06-10,293083.89,67,5,35.8,5,2,0,0,0,1,5,2,13.185714285714285,gilde,6,2024,73,12.588214161012349
2024-06-17,111375.99,74,5,35.9,5,1,0,0,0,0,5,2,16.47142857142857,gilde,6,2024,74,11.620667053622494
2024-06-24,363970.99,113,5,10.200000000000001,1,1,0,0,2,0,3,4,20.599999999999998,gilde,6,2024,75,12.80482944564064
2024-07-01,537823.52,42,5,15.899999999999999,3,1,0,0,0,0,3,4,15.5,gilde,7,2024,76,13.195285755590621
2024-07-08,532319.74,77,5,40.9,3,2,0,0,1,0,3,4,17.557142857142857,gilde,7,2024,77,13.18499960282417
2024-07-15,585786.12,52,5,9.9,4,0,0,0,2,0,5,2,20.614285714285717,gilde,7,2024,78,13.280710019001514
2024-07-22,33651.41,16,3,21.7,3,1,0,0,0,0,3,4,19.114285714285717,gilde,7,2024,79,10.423810236126663
2024-08-12,49500.0,3,1,20.2,5,2,0,0,2,0,6,1,21.657142857142855,gilde,8,2024,80,10.809727948556782
2024-08-19,88389.53,13,4,20.5,4,2,0,0,1,0,4,3,18.67142857142857,gilde,8,2024,81,11.389508802697266
2024-08-26,296185.15,116,5,7.2,2,1,0,0,2,0,4,3,19.82857142857143,gilde,8,2024,82,12.598740044515143
2024-09-02,178082.69999999998,25,4,28.400000000000002,6,2,0,0,1,0,6,1,20.071428571428573,gilde,9,2024,83,12.0900033281195
2024-09-09,202421.05,66,5,21.2,4,1,0,0,0,0,4,3,12.714285714285714,gilde,9,2024,84,12.218105212963902
2024-09-16,225148.06,119,5,1.5,0,0,0,0,0,0,0,7,17.0,gilde,9,2024,85,12.324513509214691
2024-09-23,248752.11,62,5,31.3,5,2,0,0,0,0,5,2,13.657142857142857,gilde,9,2024,86,12.424212137396925
2024-09-30,258992.06,64,5,7.300000000000001,2,0,0,0,0,0,2,5,10.714285714285714,gilde,9,2024,87,12.464552683841102
2024-10-07,171953.79,48,5,38.6,4,3,0,0,0,0,4,3,12.37142857142857,gilde,10,2024,88,12.054981056908579
2024-10-14,157657.34,55,6,15.9,4,1,0,0,0,0,4,3,13.671428571428573,gilde,10,2024,89,11.968179222722236
2024-10-21,78089.47,35,4,33.0,3,2,0,0,0,0,3,4,12.828571428571427,gilde,10,2024,90,11.265610499593095
2024-10-28,184133.26,50,4,5.1,1,0,0,0,0,0,1,6,10.842857142857143,gilde,10,2024,91,12.123415013586957
2024-11-04,301277.77999999997,62,5,0.2,0,0,0,0,0,0,0,7,7.2,gilde,11,2024,92,12.615787975303023
2024-11-11,359257.17,64,5,8.8,2,0,0,0,0,0,2,5,8.22857142857143,gilde,11,2024,93,12.791793761988455
2024-11-18,295275.68,45,5,35.800000000000004,5,1,2,4,0,0,7,0,4.8999999999999995,gilde,11,2024,94,12.595664707415335
2024-11-25,146042.19,40,4,12.4,2,2,2,3,0,0,4,3,6.328571428571428,gilde,11,2024,95,11.891650831548672
2024-12-02,202430.7,42,5,27.5,4,3,0,1,0,0,4,3,6.614285714285714,gilde,12,2024,96,12.21815288473512
2024-12-09,217102.47999999998,69,4,1.8,1,0,2,4,0,0,3,4,3.8000000000000003,gilde,12,2024,97,12.288124779108369
2024-12-16,447527.4,79,5,21.6,4,2,0,2,0,0,4,3,7.7,gilde,12,2024,98,13.011493043872905
2024-12-23,805.62,11,2,6.5,2,0,1,5,0,0,3,4,3.685714285714286,gilde,12,2024,99,6.691612167312671
2024-12-30,2340.0,2,2,34.0,4,3,2,5,0,0,5,2,3.5,gilde,12,2024,100,7.757906208351747
2025-01-06,127988.34999999999,34,5,11.6,3,1,5,6,0,0,7,0,2.3714285714285714,gilde,1,2025,101,11.75969452313458
2025-01-13,184667.97,46,5,0.7,0,0,6,7,0,0,6,1,0.25714285714285706,gilde,1,2025,102,12.126314734798138
2025-01-20,214198.28999999998,48,4,39.4,5,5,3,5,0,0,7,0,3.357142857142857,gilde,1,2025,103,12.274657453770642
2025-01-27,292218.48,75,5,17.5,3,2,3,3,0,0,6,1,4.485714285714286,gilde,1,2025,104,12.58525702065208
2025-02-03,325355.93,77,5,0.2,0,0,3,6,0,0,3,4,2.8000000000000003,gilde,2,2025,105,12.69267503128231
2025-02-10,193922.43,51,5,11.1,2,1,5,7,0,0,6,1,1.6,gilde,2,2025,106,12.175213512725168
2025-02-17,219061.72,45,5,3.3000000000000003,1,0,3,3,0,0,4,3,5.685714285714285,gilde,2,2025,107,12.297108795577033
2025-02-24,258428.28,43,5,19.0,4,2,1,3,0,0,5,2,6.071428571428571,gilde,2,2025,108,12.462373487626625
2025-03-03,59612.06,31,3,0.0,0,0,3,2,0,0,3,4,7.257142857142857,gilde,3,2025,109,10.995613181576934
2025-03-10,284189.19,57,5,3.2,1,0,5,6,0,0,5,2,4.128571428571428,gilde,3,2025,110,12.55739545732778
2025-03-17,151869.82,38,5,0.8,0,0,2,1,0,0,2,5,9.657142857142858,gilde,3,2025,111,11.930778985499408
2025-03-24,271288.0,48,5,2.4000000000000004,0,0,0,0,0,0,0,7,8.985714285714286,gilde,3,2025,112,12.510936266190713
2025-03-31,343976.13,79,5,0.0,0,0,0,0,0,0,0,7,10.957142857142857,gilde,3,2025,113,12.748327544413087
2025-04-07,277224.13,50,5,1.9,1,0,0,0,0,0,1,6,10.700000000000001,gilde,4,2025,114,12.532581591571384
2025-04-14,343545.79000000004,50,5,24.9,5,2,0,0,0,0,5,2,11.185714285714285,gilde,4,2025,115,12.747075685981574
2025-04-21,330785.55,27,6,18.400000000000002,3,1,0,0,0,0,3,4,11.928571428571429,gilde,4,2025,116,12.709225559194516
2025-04-28,193687.12,18,4,1.3,1,0,0,0,1,0,2,5,16.157142857142855,gilde,4,2025,117,12.173999352604978
2025-05-05,227784.42,38,4,0.30000000000000004,0,0,0,0,0,0,0,7,13.200000000000001,gilde,5,2025,118,12.336154934328809
2025-05-12,292649.37,36,6,0.6,0,0,0,0,0,0,0,7,15.542857142857143,gilde,5,2025,119,12.586730481974866
2025-05-19,215672.9,47,5,11.399999999999999,3,1,0,0,0,0,3,4,13.685714285714285,gilde,5,2025,120,12.281518187024767
2025-05-26,184116.83000000002,30,3,18.3,3,1,0,0,0,0,3,4,16.7,gilde,5,2025,121,12.123325780750593
2025-06-02,209261.55,61,5,27.7,6,2,0,0,0,0,6,1,15.514285714285716,gilde,6,2025,122,12.251340183961032
2025-06-09,129699.37,36,5,4.7,2,0,0,0,3,0,4,3,19.614285714285717,gilde,6,2025,123,11.772974512929592
2025-06-16,304925.71,56,5,0.7,0,0,0,0,3,0,3,4,21.614285714285717,gilde,6,2025,124,12.627823452150148
2025-06-23,220724.39,65,5,15.2,4,1,0,0,2,0,6,1,21.185714285714287,gilde,6,2025,125,12.304670098146076
2025-06-30,25582.14,38,4,17.0,3,1,0,0,3,0,5,2,22.400000000000002,gilde,6,2025,126,10.149649730742285
2025-07-07,419281.2,70,5,5.8999999999999995,2,0,0,0,0,0,2,5,18.685714285714287,gilde,7,2025,127,12.94629709552118
2025-07-14,366231.64999999997,81,5,9.6,4,1,0,0,2,0,5,2,20.685714285714287,gilde,7,2025,128,12.81102133566917
2025-07-21,63600.0,1,1,20.6,5,1,0,0,0,0,5,2,19.142857142857142,gilde,7,2025,129,11.060368749328214
2025-08-04,458.9,1,1,7.5,2,1,0,0,0,0,2,5,19.014285714285712,gilde,8,2025,130,6.128832321400788
2025-08-18,234372.55000000002,46,5,0.5,0,0,0,0,1,0,1,6,17.8,gilde,8,2025,131,12.364667222318843
2025-08-25,405934.91,40,5,11.8,2,1,0,0,1,0,3,4,18.5,gilde,8,2025,132,12.91394810553417
2025-09-01,235279.13,43,5,8.4,2,1,0,0,0,0,2,5,18.157142857142855,gilde,9,2025,133,12.368527875499177
2025-09-08,398427.23,24,4,60.4,5,3,0,0,0,0,5,2,15.814285714285715,gilde,9,2025,134,12.895280150750509
2025-09-15,317038.49,48,5,11.600000000000001,2,1,0,0,0,0,2,5,17.371428571428574,gilde,9,2025,135,12.666778465047019
2025-09-22,368825.54,67,5,1.5,0,0,0,0,0,0,0,7,11.942857142857145,gilde,9,2025,136,12.818079019893691
2025-09-29,395007.79,79,5,24.6,3,1,0,0,0,0,3,4,12.014285714285714,gilde,9,2025,137,12.886660765207779
2025-10-06,184810.06,35,4,0.8,0,0,0,0,0,0,0,7,14.1,gilde,10,2025,138,12.127083873937506
2025-10-13,157415.05,30,5,2.6,0,0,0,0,0,0,0,7,11.928571428571429,gilde,10,2025,139,11.96664122665879
2025-10-20,541598.85,96,5,34.6,6,2,0,0,0,0,6,1,11.200000000000001,gilde,10,2025,140,13.20228087723969
2025-10-27,177893.22,70,5,28.599999999999998,5,3,0,0,0,0,5,2,10.714285714285714,gilde,10,2025,141,12.08893876162919
2025-11-03,401021.0,44,5,1.0,0,0,0,0,0,0,0,7,11.057142857142859,gilde,11,2025,142,12.901769073994801
2025-11-10,394977.51,57,5,12.3,4,0,0,0,0,0,4,3,11.114285714285714,gilde,11,2025,143,12.886584105553442
2025-11-17,237285.84,39,5,7.6,3,0,4,7,0,0,6,1,2.4857142857142853,gilde,11,2025,144,12.377020769341303
2025-11-24,422666.67,84,5,14.2,4,1,1,3,0,0,5,2,5.814285714285714,gilde,11,2025,145,12.954339133197633
2025-12-01,164710.89,41,5,20.0,3,2,0,2,0,0,3,4,6.928571428571429,gilde,12,2025,146,12.011947034198466
2025-12-08,435537.23,33,5,9.200000000000001,2,1,0,0,0,0,2,5,9.242857142857144,gilde,12,2025,147,12.9843355595657
2025-12-15,548099.76,99,5,9.7,2,1,0,1,0,0,2,5,8.0,gilde,12,2025,148,13.214212593157812
2025-12-22,8302.18,22,2,0.0,0,0,5,6,0,0,5,2,1.1428571428571428,gilde,12,2025,149,9.024273409900468
2025-12-29,-3891.65,7,1,1.9000000000000001,1,0,5,7,0,0,6,1,0.8571428571428571,gilde,12,2025,150,0.0
2026-01-05,217284.36000000002,27,5,19.599999999999998,2,1,6,7,0,0,7,0,-0.7428571428571429,gilde,1,2026,151,12.288962189425076
2026-01-12,227542.9,18,5,18.1,3,1,0,2,0,0,3,4,7.228571428571429,gilde,1,2026,152,12.335094071024356
2026-01-19,67819.31999999999,52,5,0.6,0,0,4,6,0,0,4,3,2.9857142857142853,gilde,1,2026,153,11.12460238908852
2026-01-26,365744.62,64,5,7.4,2,0,3,5,0,0,4,3,2.857142857142857,gilde,1,2026,154,12.80969060927316
2026-02-02,260998.37,49,5,9.3,3,0,0,2,0,0,3,4,5.242857142857143,gilde,2,2026,155,12.472269441074602
2026-02-09,295362.10000000003,42,5,21.200000000000003,3,2,3,4,0,0,6,1,4.414285714285714,gilde,2,2026,156,12.595957340238845
2026-02-16,165013.68,19,3,23.7,5,2,1,4,0,0,6,1,5.385714285714286,gilde,2,2026,157,12.013783658536857
2026-02-23,504770.37,51,5,10.7,3,1,0,0,0,0,3,4,11.028571428571428,gilde,2,2026,158,13.131858891972962
2026-03-02,250777.55,65,5,0.0,0,0,0,0,0,0,0,7,10.042857142857143,gilde,3,2026,159,12.432321570177706
2026-03-09,293426.01,47,5,28.7,4,2,1,1,0,0,5,2,8.0,gilde,3,2026,160,12.58938079106856
2026-03-16,724310.06,65,5,4.1,1,0,0,0,0,0,1,6,8.671428571428573,gilde,3,2026,161,13.492974839359363
2026-03-23,352994.8,77,5,14.700000000000001,4,2,1,2,0,0,5,2,6.971428571428571,gilde,3,2026,162,12.774208604928747
2026-03-30,786973.35,35,5,13.600000000000001,3,1,0,0,0,0,3,4,8.585714285714285,gilde,3,2026,163,13.575949664056171
2026-04-06,205176.14,32,4,13.0,2,1,0,0,0,0,2,5,10.928571428571429,gilde,4,2026,164,12.23162410871496
2026-04-13,290454.98,31,5,3.8,1,0,0,0,0,0,1,6,11.585714285714285,gilde,4,2026,165,12.579203869081919
2026-04-20,508764.15,60,5,0.7,0,0,0,0,0,0,0,7,10.314285714285715,gilde,4,2026,166,13.139739828619973
2026-04-27,220554.16,43,4,6.3,2,0,0,0,0,0,2,5,14.928571428571429,gilde,4,2026,167,12.30389856729127
2026-05-04,277933.37,40,5,19.0,3,2,0,0,0,0,3,4,12.5,gilde,5,2026,168,12.535136687686837
2026-05-11,77696.73,38,3,31.9,6,3,0,0,0,0,6,1,8.885714285714286,gilde,5,2026,169,11.260568450528059
2026-05-18,331303.05,70,5,14.9,3,2,0,0,2,0,5,2,16.914285714285715,gilde,5,2026,170,12.710788794403172
2026-05-25,295652.85,62,4,9.2,1,1,0,0,3,0,3,2,21.8,gilde,5,2026,171,12.596941240979277
