company,res,season,lag,split,n,r,p,impact_pct,config,factors
ummels,weekly,True,0,33,178,-0.03705247572851063,0.623406939164591,-6.344360191131382,frost=-3,{'frost': -3}
ummels,weekly,True,0,33,178,-0.08274578678205896,0.27217262397722414,-3.5934681119024092,frost=-2,{'frost': -2}
ummels,weekly,True,0,33,178,-0.08620602935293513,0.25255720130505144,-13.428945691686112,frost=-1,{'frost': -1}
ummels,weekly,True,0,33,178,-0.13961183118869552,0.0630775459301101,-25.8763027083566,frost=0,{'frost': 0}
ummels,weekly,True,0,33,178,-0.15613681603045315,0.03741280343446026,-35.027476056868636,frost=1,{'frost': 1}
ummels,weekly,True,0,33,178,-0.2086672089848446,0.005186901130356598,-35.03429592292514,frost=2,{'frost': 2}
ummels,weekly,True,0,33,178,-0.20827088797529972,0.00527466764296657,-33.47225541394449,frost=3,{'frost': 3}
ummels,weekly,True,0,33,178,-0.10017034992161916,0.18339565709319422,8.003269442410366,cold=2,{'cold': 2}
ummels,weekly,True,0,33,178,-0.1443025126584537,0.05463819930734082,-28.313903616238346,cold=4,{'cold': 4}
ummels,weekly,True,0,33,178,-0.11092107541322305,0.14048213865810305,-35.962931902420856,cold=6,{'cold': 6}
ummels,weekly,True,0,33,178,-0.09355453418350976,0.21419761857473393,-19.50926252555407,cold=8,{'cold': 8}
ummels,weekly,True,0,33,178,0.008919492311398013,0.905937059539128,-27.234954602370887,cold=10,{'cold': 10}
ummels,weekly,True,0,33,178,0.02281204821160895,0.7624646991466085,24.022285029465664,heat=24,{'heat': 24}
ummels,weekly,True,0,33,178,0.010654427713639388,0.8877511834166272,10.794474986451608,heat=26,{'heat': 26}
ummels,weekly,True,0,33,178,0.08246358116866864,0.2738167827447101,-7.2875033700110725,heat=28,{'heat': 28}
ummels,weekly,True,0,33,178,0.13999866277399148,0.062343387203159226,-1.8785787473179272,heat=30,{'heat': 30}
ummels,weekly,True,0,33,178,0.025344555694626954,0.7370139780184055,-8.37794638014946,heat=32,{'heat': 32}
ummels,weekly,True,0,33,178,-0.08041689625940654,0.2859422192567516,-11.856604045981978,wind=25,{'wind': 25}
ummels,weekly,True,0,33,178,-0.0900946889570546,0.23170497861933692,-9.477054827242359,wind=30,{'wind': 30}
ummels,weekly,True,0,33,178,-0.07676132094807368,0.30848219883584144,6.52827436133776,wind=35,{'wind': 35}
ummels,weekly,True,0,33,178,-0.06984168415681181,0.3542530626507487,-7.891663653670122,wind=40,{'wind': 40}
ummels,weekly,True,0,33,178,0.013510666467718672,0.8579431990311995,18.397011283389908,rain=1,{'rain': 1}
ummels,weekly,True,0,33,178,-0.05151875500645972,0.49463394404476774,-4.337368132055019,rain=2,{'rain': 2}
ummels,weekly,True,0,33,178,-0.035591617104017516,0.6371727561034279,-4.184156545696249,rain=3,{'rain': 3}
ummels,weekly,True,0,33,178,0.0013725591734556025,0.9854926912727137,-2.2037603034841924,rain=5,{'rain': 5}
ummels,weekly,True,0,33,178,0.031982632943888374,0.6717089294376224,12.416061461527118,rain=8,{'rain': 8}
ummels,weekly,True,0,33,178,-0.15871133879503402,0.03434601482363991,-28.313903616238346,cold+frost,"{'frost': 0, 'cold': 5}"
ummels,weekly,True,0,33,178,-0.07629458337929378,0.3114417166236797,-16.32028885797222,all-bad,"{'rain': 1, 'frost': 0, 'heat': 28, 'wind': 40}"
ummels,weekly,True,0,33,178,-0.1385242429769428,0.06517968930975412,-16.74611228489735,frost+wind,"{'frost': 0, 'wind': 40}"
ummels,weekly,True,1,33,177,-0.008248265519127732,0.9132339111536856,-6.026873748343897,frost=-3,{'frost': -3}
ummels,weekly,True,1,33,177,-0.0185444470633444,0.80646351948117,8.908846383980261,frost=-2,{'frost': -2}
ummels,weekly,True,1,33,177,-0.04676756034748905,0.5364884254488552,-13.680279521023486,frost=-1,{'frost': -1}
ummels,weekly,True,1,33,177,-0.03355972421444678,0.6574441696920491,-23.167195352188642,frost=0,{'frost': 0}
ummels,weekly,True,1,33,177,-0.045638536907241595,0.5463798628898198,-30.728388108525518,frost=1,{'frost': 1}
ummels,weekly,True,1,33,177,-0.020666347693920176,0.7848309416012268,-30.728388108525518,frost=2,{'frost': 2}
ummels,weekly,True,1,33,177,-0.00503159021425489,0.9470059635324923,-30.728388108525518,frost=3,{'frost': 3}
ummels,weekly,True,1,33,177,-0.035554707490408434,0.6384823824185185,6.5847906716588245,cold=2,{'cold': 2}
ummels,weekly,True,1,33,177,-0.05721510891625187,0.4493949027684105,-30.728388108525518,cold=4,{'cold': 4}
ummels,weekly,True,1,33,177,0.02462700922674081,0.7449018120799655,-33.60742449929523,cold=6,{'cold': 6}
ummels,weekly,True,1,33,177,0.013070416851446751,0.8629140404313431,-26.801358405972298,cold=8,{'cold': 8}
ummels,weekly,True,1,33,177,0.004969352024767139,0.9476605337727309,-20.48716982491604,cold=10,{'cold': 10}
ummels,weekly,True,1,33,177,0.010815219049713224,0.8863913999630394,-24.260564958437804,heat=24,{'heat': 24}
ummels,weekly,True,1,33,177,0.05212947849797078,0.49076507261491853,11.488959098506779,heat=26,{'heat': 26}
ummels,weekly,True,1,33,177,0.10224461027902534,0.17567579552165286,15.238844637224602,heat=28,{'heat': 28}
ummels,weekly,True,1,33,177,0.07261582129831491,0.33679635214648274,4.8395107289223915,heat=30,{'heat': 30}
ummels,weekly,True,1,33,177,0.09792028169484103,0.19475757575823044,-2.3223228698368126,heat=32,{'heat': 32}
ummels,weekly,True,1,33,177,-0.0696260104746915,0.3571189089478707,29.31734430542432,wind=25,{'wind': 25}
ummels,weekly,True,1,33,177,-0.06807741671887156,0.3679398557103551,5.487791592579194,wind=30,{'wind': 30}
ummels,weekly,True,1,33,177,-0.06760577114968694,0.37127531899306015,1.2832669020312437,wind=35,{'wind': 35}
ummels,weekly,True,1,33,177,-0.015324719961125883,0.8395653491796935,-29.517202873791724,wind=40,{'wind': 40}
ummels,weekly,True,1,33,177,-0.005677895170382839,0.9402108348671704,44.21512444633362,rain=1,{'rain': 1}
ummels,weekly,True,1,33,177,-0.013514698492733396,0.8583023711847912,37.74038880289379,rain=2,{'rain': 2}
ummels,weekly,True,1,33,177,0.00926682321549961,0.9025694272684452,16.772252985293747,rain=3,{'rain': 3}
ummels,weekly,True,1,33,177,-0.014730337334238059,0.8457088970202511,-1.655399163108262,rain=5,{'rain': 5}
ummels,weekly,True,1,33,177,-0.06233349322108343,0.4098149212663814,-6.047743522528915,rain=8,{'rain': 8}
ummels,weekly,True,1,33,177,0.036837199741224805,0.6264142644747795,-26.98562510874003,cold+frost,"{'frost': 0, 'cold': 5}"
ummels,weekly,True,1,33,177,-0.032273217130844724,0.6697900342856971,-17.546042612100056,all-bad,"{'rain': 1, 'frost': 0, 'heat': 28, 'wind': 40}"
ummels,weekly,True,1,33,177,-0.041372073229527656,0.584547763456849,-26.880539948479754,frost+wind,"{'frost': 0, 'wind': 40}"
ummels,weekly,True,2,33,176,0.004115822974197705,0.9567648937598942,-14.870929576055769,frost=-3,{'frost': -3}
ummels,weekly,True,2,33,176,-0.03424210610066119,0.6518682843749964,9.080252765851071,frost=-2,{'frost': -2}
ummels,weekly,True,2,33,176,0.04818469496226443,0.525391721275851,-6.995284032466631,frost=-1,{'frost': -1}
ummels,weekly,True,2,33,176,0.05046707353542379,0.5059387640112857,-4.611815835076749,frost=0,{'frost': 0}
ummels,weekly,True,2,33,176,0.03246205533202386,0.668868170798091,-27.543257874121984,frost=1,{'frost': 1}
ummels,weekly,True,2,33,176,0.10772410820248163,0.15471209361153285,-16.57621054003493,frost=2,{'frost': 2}
ummels,weekly,True,2,33,176,0.03673118930051701,0.6283962235917284,-30.716022366335714,frost=3,{'frost': 3}
ummels,weekly,True,2,33,176,0.03832490475283641,0.6135588405398653,6.5847906716588245,cold=2,{'cold': 2}
ummels,weekly,True,2,33,176,0.08325012980416083,0.2719966795808368,-22.221150773979105,cold=4,{'cold': 4}
ummels,weekly,True,2,33,176,0.11129963178072821,0.14139710771524186,-34.625861329405105,cold=6,{'cold': 6}
ummels,weekly,True,2,33,176,0.06621756921554421,0.3825679689872951,-30.505068213629862,cold=8,{'cold': 8}
ummels,weekly,True,2,33,176,0.017351545249411366,0.8192022115769543,-20.085189790446567,cold=10,{'cold': 10}
ummels,weekly,True,2,33,176,0.20819462498120886,0.005557919087341931,31.496129884410063,heat=24,{'heat': 24}
ummels,weekly,True,2,33,176,0.17072871358879893,0.02348247978560616,19.68384515876864,heat=26,{'heat': 26}
ummels,weekly,True,2,33,176,0.1527312028817309,0.043005271284265865,15.238844637224602,heat=28,{'heat': 28}
ummels,weekly,True,2,33,176,0.04740934057664724,0.5320854114250572,8.584507169544464,heat=30,{'heat': 30}
ummels,weekly,True,2,33,176,0.1402298849613633,0.0634127393023176,0.4536776600846171,heat=32,{'heat': 32}
ummels,weekly,True,2,33,176,-0.03976670796755902,0.6002694031186522,8.574628110868932,wind=25,{'wind': 25}
ummels,weekly,True,2,33,176,0.0075522951382448154,0.9207571642565836,-13.697275059362257,wind=30,{'wind': 30}
ummels,weekly,True,2,33,176,0.12061537817763258,0.11080867633573795,-4.38007726203028,wind=35,{'wind': 35}
ummels,weekly,True,2,33,176,0.020647914955598867,0.7856199681674957,-32.597851458535956,wind=40,{'wind': 40}
ummels,weekly,True,2,33,176,-0.008146289921086396,0.9145474583599693,17.01674452950972,rain=1,{'rain': 1}
ummels,weekly,True,2,33,176,0.027035359012070485,0.7217102688428463,18.69424656030492,rain=2,{'rain': 2}
ummels,weekly,True,2,33,176,0.01992251449502011,0.7929785643606857,24.899744966665672,rain=3,{'rain': 3}
ummels,weekly,True,2,33,176,0.040157922201909786,0.5966858738797773,12.382982081689509,rain=5,{'rain': 5}
ummels,weekly,True,2,33,176,0.06027536771119925,0.42680661524839064,-12.743321847004518,rain=8,{'rain': 8}
ummels,weekly,True,2,33,176,0.09174705392767346,0.22587808253820132,-28.05026863202996,cold+frost,"{'frost': 0, 'cold': 5}"
ummels,weekly,True,2,33,176,0.10465562030731108,0.1668736355983085,14.04250821328974,all-bad,"{'rain': 1, 'frost': 0, 'heat': 28, 'wind': 40}"
ummels,weekly,True,2,33,176,0.07350216576095425,0.33230563561091675,-4.611815835076749,frost+wind,"{'frost': 0, 'wind': 40}"
ummels,monthly,True,0,33,42,-0.11386389414587535,0.47276153403406185,-26.341086877783827,frost=-3,{'frost': -3}
ummels,monthly,True,0,33,42,-0.26610539038080744,0.08849683975145245,-26.341086877783827,frost=-2,{'frost': -2}
ummels,monthly,True,0,33,42,-0.32823436782504745,0.03382132127442857,-34.36443890360492,frost=-1,{'frost': -1}
ummels,monthly,True,0,33,42,-0.17118687652771333,0.2783811499696423,-26.341086877783827,frost=0,{'frost': 0}
ummels,monthly,True,0,33,42,-0.010638791522749774,0.9466865164602905,-34.53247040888269,frost=1,{'frost': 1}
ummels,monthly,True,0,33,42,0.03941474728371828,0.8042703823443959,-33.22392034301055,frost=2,{'frost': 2}
ummels,monthly,True,0,33,42,-0.04805972921170133,0.7624707770228195,-30.08024962696634,frost=3,{'frost': 3}
ummels,monthly,True,0,33,42,-0.03173460106595828,0.8418660021397572,-26.341086877783827,cold=2,{'cold': 2}
ummels,monthly,True,0,33,42,0.19043479632554128,0.22704505894755006,-19.679802404700276,cold=4,{'cold': 4}
ummels,monthly,True,0,33,42,0.13788950709279932,0.38384798955076777,-26.341086877783827,cold=6,{'cold': 6}
ummels,monthly,True,0,33,42,-0.12811043413791995,0.4187830374566799,-17.524390323378526,cold=8,{'cold': 8}
ummels,monthly,True,0,33,42,-0.0903555964138672,0.5693116418329884,-25.254627746040526,cold=10,{'cold': 10}
ummels,monthly,True,0,33,42,0.2213780619988956,0.15885052064483307,-1.4742382629458262,heat=24,{'heat': 24}
ummels,monthly,True,0,33,42,0.0988069138375702,0.5335844212777409,-1.4742382629458262,heat=26,{'heat': 26}
ummels,monthly,True,0,33,42,0.1326006402375876,0.40252394918408146,-1.4742382629458262,heat=28,{'heat': 28}
ummels,monthly,True,0,33,42,0.18348726241261856,0.24476677456510812,-28.53389894259488,heat=30,{'heat': 30}
ummels,monthly,True,0,33,42,0.23673412056580218,0.131181050603666,-26.47410784593587,heat=32,{'heat': 32}
ummels,monthly,True,0,33,42,-0.0997690177305772,0.5295874695915205,-1.1845223039011255,wind=25,{'wind': 25}
ummels,monthly,True,0,33,42,-0.09868046740767808,0.5341108166923829,-19.75595800257005,wind=30,{'wind': 30}
ummels,monthly,True,0,33,42,-0.08861333485911257,0.5768110587400777,-25.56201670575524,wind=35,{'wind': 35}
ummels,monthly,True,0,33,42,-0.05167493323029643,0.7451791685633135,-27.25772787367349,wind=40,{'wind': 40}
ummels,monthly,True,0,33,42,0.039474752824644216,0.8039782371186434,17.297857031215493,rain=1,{'rain': 1}
ummels,monthly,True,0,33,42,0.02301925117957425,0.8849487219684178,29.993590137055005,rain=2,{'rain': 2}
ummels,monthly,True,0,33,42,-0.016865324232535995,0.915575434923653,-5.90506796016742,rain=3,{'rain': 3}
ummels,monthly,True,0,33,42,-0.04686614137695098,0.7682053342883466,9.25677656592605,rain=5,{'rain': 5}
ummels,monthly,True,0,33,42,-0.004303704272876676,0.978420196906359,1.3932199507565857,rain=8,{'rain': 8}
ummels,monthly,True,0,33,42,0.1149937047160773,0.4683508943349838,-19.679802404700276,cold+frost,"{'frost': 0, 'cold': 5}"
ummels,monthly,True,0,33,42,0.04710939124568948,0.7670356459795891,-24.957211184714566,all-bad,"{'rain': 1, 'frost': 0, 'heat': 28, 'wind': 40}"
ummels,monthly,True,0,33,42,-0.1254803882799572,0.4284764753150745,-33.22392034301055,frost+wind,"{'frost': 0, 'wind': 40}"
ummels,monthly,True,1,33,41,-0.15497535649694522,0.3332939408118675,-34.31966040082435,frost=-3,{'frost': -3}
ummels,monthly,True,1,33,41,-0.03994532277324568,0.8041623915558862,-43.270494578861076,frost=-2,{'frost': -2}
ummels,monthly,True,1,33,41,-0.04525148219463791,0.7787609364218917,-41.982981039903265,frost=-1,{'frost': -1}
ummels,monthly,True,1,33,41,0.1062397325141878,0.5085458354167085,-43.270494578861076,frost=0,{'frost': 0}
ummels,monthly,True,1,33,41,0.08830938694934905,0.5829755067272961,-41.268308895745974,frost=1,{'frost': 1}
ummels,monthly,True,1,33,41,0.06826390017884644,0.6715074659654386,-41.10994421987289,frost=2,{'frost': 2}
ummels,monthly,True,1,33,41,0.1302733764731976,0.4168902073937769,-43.20546069002611,frost=3,{'frost': 3}
ummels,monthly,True,1,33,41,-0.04260036603294904,0.7914256611850714,-42.21384278870517,cold=2,{'cold': 2}
ummels,monthly,True,1,33,41,0.14636801808676514,0.36115824181238027,-41.268308895745974,cold=4,{'cold': 4}
ummels,monthly,True,1,33,41,0.13543864086615845,0.3984954411524465,-41.268308895745974,cold=6,{'cold': 6}
ummels,monthly,True,1,33,41,-0.0019413968887476993,0.9903884602538282,-39.71784068435027,cold=8,{'cold': 8}
ummels,monthly,True,1,33,41,0.08941505134439372,0.5782481794334038,-34.2383450170488,cold=10,{'cold': 10}
ummels,monthly,True,1,33,41,-0.0841320867678855,0.6009900976178577,-5.091448831309342,heat=24,{'heat': 24}
ummels,monthly,True,1,33,41,-0.20597419996646782,0.19635817294130936,-3.7678145478914127,heat=26,{'heat': 26}
ummels,monthly,True,1,33,41,-0.2937064515119849,0.06234668473048452,-3.7678145478914127,heat=28,{'heat': 28}
ummels,monthly,True,1,33,41,-0.2550239440164013,0.10757593634505551,-26.99113286797361,heat=30,{'heat': 30}
ummels,monthly,True,1,33,41,-0.0396747215943239,0.8054633845884875,-16.300938916300623,heat=32,{'heat': 32}
ummels,monthly,True,1,33,41,0.020475734776361484,0.8988871348791216,-6.2768153472100625,wind=25,{'wind': 25}
ummels,monthly,True,1,33,41,0.0662887614877404,0.68049906276627,8.157107492322059,wind=30,{'wind': 30}
ummels,monthly,True,1,33,41,0.13147063703658163,0.41258419696143844,-7.453494130694005,wind=35,{'wind': 35}
ummels,monthly,True,1,33,41,0.19121362587071672,0.2310770230309293,-13.769995660636658,wind=40,{'wind': 40}
ummels,monthly,True,1,33,41,-0.02735787475049261,0.8651751742877194,1.9426822808307875,rain=1,{'rain': 1}
ummels,monthly,True,1,33,41,-0.04373965471375943,0.7859764413039281,18.975058886867878,rain=2,{'rain': 2}
ummels,monthly,True,1,33,41,-0.02886167906967053,0.8578380212098737,16.37309344468467,rain=3,{'rain': 3}
ummels,monthly,True,1,33,41,0.03662207011861517,0.8201749529888182,45.853086948629084,rain=5,{'rain': 5}
ummels,monthly,True,1,33,41,0.09506372402748907,0.5543717333729735,26.38045843520418,rain=8,{'rain': 8}
ummels,monthly,True,1,33,41,0.0953090653674442,0.5533452972253705,-41.268308895745974,cold+frost,"{'frost': 0, 'cold': 5}"
ummels,monthly,True,1,33,41,-0.10529988613350486,0.5123246474457636,-22.055051138616,all-bad,"{'rain': 1, 'frost': 0, 'heat': 28, 'wind': 40}"
ummels,monthly,True,1,33,41,0.15896334216511102,0.3208488635194115,-41.10994421987289,frost+wind,"{'frost': 0, 'wind': 40}"
ummels,monthly,True,2,33,40,0.1287779577944923,0.4283942365098403,-41.87964503533566,frost=-3,{'frost': -3}
ummels,monthly,True,2,33,40,0.09027597550744029,0.5795900256720782,-39.984053071238804,frost=-2,{'frost': -2}
ummels,monthly,True,2,33,40,0.11671669881467855,0.4732318608515257,-39.984053071238804,frost=-1,{'frost': -1}
ummels,monthly,True,2,33,40,0.2679578443436763,0.09458305982012039,-39.984053071238804,frost=0,{'frost': 0}
ummels,monthly,True,2,33,40,0.20408593931680194,0.2065289513390165,-39.984053071238804,frost=1,{'frost': 1}
ummels,monthly,True,2,33,40,0.23412766526091972,0.14591941019827848,-39.97753728865554,frost=2,{'frost': 2}
ummels,monthly,True,2,33,40,0.32279211577915123,0.042202111776365604,-37.02327454094916,frost=3,{'frost': 3}
ummels,monthly,True,2,33,40,0.11782920779536994,0.4689952260562704,-44.37320503336881,cold=2,{'cold': 2}
ummels,monthly,True,2,33,40,0.1910576333925629,0.23762077432952025,-39.984053071238804,cold=4,{'cold': 4}
ummels,monthly,True,2,33,40,0.17760203404489305,0.2729124580278527,-39.984053071238804,cold=6,{'cold': 6}
ummels,monthly,True,2,33,40,0.2901437516400333,0.06935022248523465,-39.65954060476965,cold=8,{'cold': 8}
ummels,monthly,True,2,33,40,0.2415044023675589,0.13327889659530376,-26.50512902164206,cold=10,{'cold': 10}
ummels,monthly,True,2,33,40,0.0988992070500316,0.5437509756066173,35.34685426914206,heat=24,{'heat': 24}
ummels,monthly,True,2,33,40,-0.08415934927241438,0.6056381141913573,14.739105037097765,heat=26,{'heat': 26}
ummels,monthly,True,2,33,40,-0.0824367999417135,0.6130634352892268,14.134425270328933,heat=28,{'heat': 28}
ummels,monthly,True,2,33,40,0.05044920944425962,0.7572088975090896,-11.03062102537834,heat=30,{'heat': 30}
ummels,monthly,True,2,33,40,0.14413226479965546,0.3749107962755884,-28.540002533088803,heat=32,{'heat': 32}
ummels,monthly,True,2,33,40,-0.17403950071490298,0.282804021236399,-12.84575562301299,wind=25,{'wind': 25}
ummels,monthly,True,2,33,40,-0.05915773568883269,0.7169036857848009,-5.862069921789148,wind=30,{'wind': 30}
ummels,monthly,True,2,33,40,0.1154822526981508,0.4779564049706902,-24.856398694113878,wind=35,{'wind': 35}
ummels,monthly,True,2,33,40,-0.10796118901342897,0.5072684000696082,-18.23098993594624,wind=40,{'wind': 40}
ummels,monthly,True,2,33,40,-0.05207600424769078,0.7496277242705636,33.006319582884046,rain=1,{'rain': 1}
ummels,monthly,True,2,33,40,-0.09233801464578481,0.5709239170686433,33.006319582884046,rain=2,{'rain': 2}
ummels,monthly,True,2,33,40,-0.031176652936753344,0.8485473481453364,29.28964620324752,rain=3,{'rain': 3}
ummels,monthly,True,2,33,40,-0.1226291620398021,0.45094925479001163,39.55279564207079,rain=5,{'rain': 5}
ummels,monthly,True,2,33,40,-0.13406698447812407,0.40950804912828054,5.589449507061728,rain=8,{'rain': 8}
ummels,monthly,True,2,33,40,0.16949214614243602,0.2957646422696661,-39.984053071238804,cold+frost,"{'frost': 0, 'cold': 5}"
ummels,monthly,True,2,33,40,0.08035296956702515,0.6220972716186608,-3.8910550763512575,all-bad,"{'rain': 1, 'frost': 0, 'heat': 28, 'wind': 40}"
ummels,monthly,True,2,33,40,0.18733654538897082,0.247054686795932,-39.984053071238804,frost+wind,"{'frost': 0, 'wind': 40}"
gilde,weekly,True,0,33,178,-0.0689389071733155,0.36052340880887623,3.2747460916009885,frost=-3,{'frost': -3}
gilde,weekly,True,0,33,178,-0.11380668247483074,0.13038335582541968,-8.969310853282819,frost=-2,{'frost': -2}
gilde,weekly,True,0,33,178,-0.18218693697319976,0.014934733184880027,-15.720439460576518,frost=-1,{'frost': -1}
gilde,weekly,True,0,33,178,-0.2119502644917646,0.004508698568969723,-16.10385275903825,frost=0,{'frost': 0}
gilde,weekly,True,0,33,178,-0.19674104508218324,0.008484976074035967,-11.93573393206595,frost=1,{'frost': 1}
gilde,weekly,True,0,33,178,-0.17641471170021134,0.01849335227693256,-21.46413724987395,frost=2,{'frost': 2}
gilde,weekly,True,0,33,178,-0.13898679070786818,0.06427875717894026,-12.65024445420786,frost=3,{'frost': 3}
gilde,weekly,True,0,33,178,-0.12917224338865962,0.08571677747455857,-12.95976454032668,cold=2,{'cold': 2}
gilde,weekly,True,0,33,178,-0.18243151647933387,0.01479816301709754,-13.113179389462882,cold=4,{'cold': 4}
gilde,weekly,True,0,33,178,-0.161959378517292,0.03078315659647887,-19.906387307953178,cold=6,{'cold': 6}
gilde,weekly,True,0,33,178,-0.12252943162999252,0.10323369929267848,-13.355736986823585,cold=8,{'cold': 8}
gilde,weekly,True,0,33,178,-0.08369256132507227,0.26670563113185997,-1.5650033533713525,cold=10,{'cold': 10}
gilde,weekly,True,0,33,178,0.03957512516598491,0.5999421692024217,-6.180146508329787,heat=24,{'heat': 24}
gilde,weekly,True,0,33,178,-0.032273052903612306,0.6689029439816,-4.34260604829777,heat=26,{'heat': 26}
gilde,weekly,True,0,33,178,0.05688016036121171,0.45076496011181943,12.781247286359608,heat=28,{'heat': 28}
gilde,weekly,True,0,33,178,0.08004452849661266,0.2881863779141442,3.2768659068078465,heat=30,{'heat': 30}
gilde,weekly,True,0,33,178,-0.03617598719321921,0.6316509224517269,15.868581265334992,heat=32,{'heat': 32}
gilde,weekly,True,0,33,178,0.06351441709419897,0.3996375260941388,14.680904397720651,wind=25,{'wind': 25}
gilde,weekly,True,0,33,178,0.018306081993437393,0.8083670110506855,15.03188612862132,wind=30,{'wind': 30}
gilde,weekly,True,0,33,178,0.01696143230016649,0.8222005293708152,-4.241072782319288,wind=35,{'wind': 35}
gilde,weekly,True,0,33,178,0.037890599659088066,0.6155672978380334,21.531313326995715,wind=40,{'wind': 40}
gilde,weekly,True,0,33,178,0.0072497041468116315,0.9234864709463204,-7.478797852943043,rain=1,{'rain': 1}
gilde,weekly,True,0,33,178,0.01760748524538415,0.8155469287524377,-7.389728957260255,rain=2,{'rain': 2}
gilde,weekly,True,0,33,178,0.022895662646793442,0.7616201571468287,16.43254067863047,rain=3,{'rain': 3}
gilde,weekly,True,0,33,178,0.0914807227859181,0.2245741925994056,17.598562630308034,rain=5,{'rain': 5}
gilde,weekly,True,0,33,178,0.014675046755110025,0.8458465431502036,17.764529286067933,rain=8,{'rain': 8}
gilde,weekly,True,0,33,178,-0.18946112310952695,0.01131227051374033,-16.10385275903825,cold+frost,"{'frost': 0, 'cold': 5}"
gilde,weekly,True,0,33,178,-0.1228664153840119,0.1022819123763613,-18.293557575891505,all-bad,"{'rain': 1, 'frost': 0, 'heat': 28, 'wind': 40}"
gilde,weekly,True,0,33,178,-0.1945075699156903,0.00927715940990248,-13.240546291534317,frost+wind,"{'frost': 0, 'wind': 40}"
gilde,weekly,True,1,33,177,0.01747895274188327,0.8173828775488796,20.364237056163283,frost=-3,{'frost': -3}
gilde,weekly,True,1,33,177,-0.055710294748443946,0.46142762004354676,3.184485941312931,frost=-2,{'frost': -2}
gilde,weekly,True,1,33,177,-0.0016304086997639203,0.9828168861841852,-5.962791514555255,frost=-1,{'frost': -1}
gilde,weekly,True,1,33,177,-0.00971833978318014,0.897847421676292,-12.683861454793298,frost=0,{'frost': 0}
gilde,weekly,True,1,33,177,-0.05477375704801593,0.46900547752658656,-12.882650451626843,frost=1,{'frost': 1}
gilde,weekly,True,1,33,177,0.01776403657374998,0.8144577542807786,-13.761850181692859,frost=2,{'frost': 2}
gilde,weekly,True,1,33,177,0.033028078625419136,0.6625350775884185,-12.526843751380056,frost=3,{'frost': 3}
gilde,weekly,True,1,33,177,-0.02157590780195825,0.7756072354089616,-6.2811365164387345,cold=2,{'cold': 2}
gilde,weekly,True,1,33,177,-0.03063333728088726,0.68565577914211,-10.62697058943649,cold=4,{'cold': 4}
gilde,weekly,True,1,33,177,0.0034339701947907835,0.9638184184762361,-14.437816330400699,cold=6,{'cold': 6}
gilde,weekly,True,1,33,177,0.04421046016041782,0.5590182708040188,-10.894022047006713,cold=8,{'cold': 8}
gilde,weekly,True,1,33,177,-0.005985966900710737,0.9369733144929123,-6.0088090849306,cold=10,{'cold': 10}
gilde,weekly,True,1,33,177,-0.04976147324121418,0.5106985574642381,-1.5754480077111443,heat=24,{'heat': 24}
gilde,weekly,True,1,33,177,-0.0770605102448276,0.30797688994947015,-5.833821353702606,heat=26,{'heat': 26}
gilde,weekly,True,1,33,177,0.01552539324047924,0.8374933539463538,0.3150373422456054,heat=28,{'heat': 28}
gilde,weekly,True,1,33,177,0.0011373527589859413,0.9880128026345526,9.235873270827732,heat=30,{'heat': 30}
gilde,weekly,True,1,33,177,0.03817030007830356,0.6139742276780785,9.235873270827732,heat=32,{'heat': 32}
gilde,weekly,True,1,33,177,-0.08937024828826023,0.23683362715508036,-13.897031430145523,wind=25,{'wind': 25}
gilde,weekly,True,1,33,177,-0.055205056485154794,0.46550723128502924,-0.8210576953739723,wind=30,{'wind': 30}
gilde,weekly,True,1,33,177,0.0023124574831373456,0.9756305646033018,13.300947986165191,wind=35,{'wind': 35}
gilde,weekly,True,1,33,177,-0.07379254972085814,0.32900415317091736,22.11158965434359,wind=40,{'wind': 40}
gilde,weekly,True,1,33,177,-0.1885042961762092,0.0119816070003183,-20.126193017296888,rain=1,{'rain': 1}
gilde,weekly,True,1,33,177,-0.1625955008726455,0.030596940936189032,-28.294303903955942,rain=2,{'rain': 2}
gilde,weekly,True,1,33,177,-0.09661285845525343,0.20081318779010426,-8.802083093890777,rain=3,{'rain': 3}
gilde,weekly,True,1,33,177,-0.06383472288888907,0.3986080189657465,-4.717315971397951,rain=5,{'rain': 5}
gilde,weekly,True,1,33,177,-0.0473859635212674,0.5311086813699217,9.845272990400034,rain=8,{'rain': 8}
gilde,weekly,True,1,33,177,0.01705568058649625,0.8217305351872558,-14.632612171604343,cold+frost,"{'frost': 0, 'cold': 5}"
gilde,weekly,True,1,33,177,-0.18385004771891703,0.014303380393997686,-25.736678954609292,all-bad,"{'rain': 1, 'frost': 0, 'heat': 28, 'wind': 40}"
gilde,weekly,True,1,33,177,-0.04920076518283951,0.5154791867569127,-12.526843751380056,frost+wind,"{'frost': 0, 'wind': 40}"
gilde,weekly,True,2,33,176,0.003710206448626133,0.9610221907447108,19.781818082931956,frost=-3,{'frost': -3}
gilde,weekly,True,2,33,176,-0.021583525878196327,0.7761570153816757,9.781227752855859,frost=-2,{'frost': -2}
gilde,weekly,True,2,33,176,0.0011527249166331584,0.9878856577019213,-8.339980448028806,frost=-1,{'frost': -1}
gilde,weekly,True,2,33,176,-0.015691870073018706,0.8362398385363781,-13.866250793189817,frost=0,{'frost': 0}
gilde,weekly,True,2,33,176,0.022416191673789183,0.7677628363223139,-6.595017940471514,frost=1,{'frost': 1}
gilde,weekly,True,2,33,176,0.01898733606257922,0.8024921331198196,9.161067405170131,frost=2,{'frost': 2}
gilde,weekly,True,2,33,176,0.03602592873122534,0.6350104383045677,7.42981224359478,frost=3,{'frost': 3}
gilde,weekly,True,2,33,176,0.042976301384868146,0.5711598164918783,-8.225484833240394,cold=2,{'cold': 2}
gilde,weekly,True,2,33,176,-0.004967011995830653,0.9478350440226216,-16.917376179932198,cold=4,{'cold': 4}
gilde,weekly,True,2,33,176,0.02579667277960354,0.7339698638815121,-5.794989236410142,cold=6,{'cold': 6}
gilde,weekly,True,2,33,176,0.020936337965457304,0.7826993801766585,-6.962036205214894,cold=8,{'cold': 8}
gilde,weekly,True,2,33,176,0.023104836564533306,0.7608408427710632,-8.003023348682047,cold=10,{'cold': 10}
gilde,weekly,True,2,33,176,0.02982571806322361,0.6943557944076646,-14.343084013786711,heat=24,{'heat': 24}
gilde,weekly,True,2,33,176,0.05560222890023475,0.46358403089681777,-3.585455843062535,heat=26,{'heat': 26}
gilde,weekly,True,2,33,176,0.04880678055218016,0.5200522634999659,5.00652431026567,heat=28,{'heat': 28}
gilde,weekly,True,2,33,176,0.003267247819123738,0.9656726802709031,-4.325513093403355,heat=30,{'heat': 30}
gilde,weekly,True,2,33,176,0.019291016642698618,0.7993995342838824,6.480159756679904,heat=32,{'heat': 32}
gilde,weekly,True,2,33,176,-0.03709765748135496,0.6249709365917762,-15.879775392332519,wind=25,{'wind': 25}
gilde,weekly,True,2,33,176,-0.032501541026616274,0.6684892018471852,1.136477685429127,wind=30,{'wind': 30}
gilde,weekly,True,2,33,176,0.005142102421069851,0.9459989337010369,4.207794187836611,wind=35,{'wind': 35}
gilde,weekly,True,2,33,176,-0.002808548997289582,0.9704896396225037,22.11158965434359,wind=40,{'wind': 40}
gilde,weekly,True,2,33,176,0.002906074393921924,0.9694653955278262,5.655387564416103,rain=1,{'rain': 1}
gilde,weekly,True,2,33,176,0.027046235793289897,0.7216029264918883,13.58116855414162,rain=2,{'rain': 2}
gilde,weekly,True,2,33,176,0.03682348877022992,0.6275327719566899,17.355179863968374,rain=3,{'rain': 3}
gilde,weekly,True,2,33,176,0.08790765654570804,0.24598192356539678,29.931756575460746,rain=5,{'rain': 5}
gilde,weekly,True,2,33,176,0.026286796145073368,0.7291107442570688,25.368659853664543,rain=8,{'rain': 8}
gilde,weekly,True,2,33,176,0.030798552970658984,0.6849087910314047,-10.588109756139596,cold+frost,"{'frost': 0, 'cold': 5}"
gilde,weekly,True,2,33,176,0.07084372360711048,0.35013586182083223,1.5798085358858183,all-bad,"{'rain': 1, 'frost': 0, 'heat': 28, 'wind': 40}"
gilde,weekly,True,2,33,176,-0.009708705217376093,0.8982393787999113,-8.339980448028806,frost+wind,"{'frost': 0, 'wind': 40}"
gilde,monthly,True,0,33,41,-0.16016888216133823,0.3171450162334365,-12.739796887232735,frost=-3,{'frost': -3}
gilde,monthly,True,0,33,41,-0.2228747781757248,0.1613185673561757,-16.23619075112086,frost=-2,{'frost': -2}
gilde,monthly,True,0,33,41,-0.253110618314928,0.11033245214914415,-1.9996964246504434,frost=-1,{'frost': -1}
gilde,monthly,True,0,33,41,-0.13473761084758612,0.4009640476573857,-1.9996964246504434,frost=0,{'frost': 0}
gilde,monthly,True,0,33,41,-0.17239345223704514,0.28111661381509845,-8.620061535618584,frost=1,{'frost': 1}
gilde,monthly,True,0,33,41,-0.22966224966939655,0.1486075938154111,-10.634536314264354,frost=2,{'frost': 2}
gilde,monthly,True,0,33,41,-0.18102430597275151,0.25735561841999127,-17.936907928520363,frost=3,{'frost': 3}
gilde,monthly,True,0,33,41,0.059858535998263004,0.7100699225057024,5.9379100704409105,cold=2,{'cold': 2}
gilde,monthly,True,0,33,41,-0.19530094608531195,0.22106986482967209,-13.424349241739852,cold=4,{'cold': 4}
gilde,monthly,True,0,33,41,-0.11328384088628068,0.4806774722965446,-13.424349241739852,cold=6,{'cold': 6}
gilde,monthly,True,0,33,41,-0.2792835284720845,0.07700080563442062,-17.936907928520363,cold=8,{'cold': 8}
gilde,monthly,True,0,33,41,-0.34883414096044335,0.025398517644158403,-15.276030060312562,cold=10,{'cold': 10}
gilde,monthly,True,0,33,41,0.027132217384197115,0.8662771501641092,5.048374915806453,heat=24,{'heat': 24}
gilde,monthly,True,0,33,41,-0.04490863252576099,0.7803956741308868,-3.3242650411974606,heat=26,{'heat': 26}
gilde,monthly,True,0,33,41,0.10160455310230276,0.5273175445250367,-9.421844396230405,heat=28,{'heat': 28}
gilde,monthly,True,0,33,41,-0.10294597300967044,0.5218503074973633,-1.5865560997153305,heat=30,{'heat': 30}
gilde,monthly,True,0,33,41,-0.12361008288725724,0.4413156013115944,-0.6273453813491758,heat=32,{'heat': 32}
gilde,monthly,True,0,33,41,-0.16627452558840464,0.2988021240038265,-6.977201901750862,wind=25,{'wind': 25}
gilde,monthly,True,0,33,41,-0.1460373316457398,0.3622559955890967,3.5077730014927644,wind=30,{'wind': 30}
gilde,monthly,True,0,33,41,-0.2493194454343806,0.11595229369353562,-17.4713230634717,wind=35,{'wind': 35}
gilde,monthly,True,0,33,41,-0.11346610970934734,0.4799671462174246,21.418429594146215,wind=40,{'wind': 40}
gilde,monthly,True,0,33,41,-0.15374561233070416,0.3371910958218837,1.5042271193173251,rain=1,{'rain': 1}
gilde,monthly,True,0,33,41,-0.09097643503723851,0.571602070495501,7.7146933397339135,rain=2,{'rain': 2}
gilde,monthly,True,0,33,41,-0.05541276541819521,0.7307661049850942,3.613067976599371,rain=3,{'rain': 3}
gilde,monthly,True,0,33,41,0.07610166409383624,0.636280488126312,7.7146933397339135,rain=5,{'rain': 5}
gilde,monthly,True,0,33,41,0.04458410030622014,0.7819439326822262,1.5042271193173251,rain=8,{'rain': 8}
gilde,monthly,True,0,33,41,-0.15481579832033798,0.33379800983362407,-13.424349241739852,cold+frost,"{'frost': 0, 'cold': 5}"
gilde,monthly,True,0,33,41,-0.1966970464311564,0.2177211904533468,-18.639670484780314,all-bad,"{'rain': 1, 'frost': 0, 'heat': 28, 'wind': 40}"
gilde,monthly,True,0,33,41,-0.18535580419910871,0.24595110059127498,0.5164929454712253,frost+wind,"{'frost': 0, 'wind': 40}"
gilde,monthly,True,1,33,40,-0.08119737812864056,0.618429898075419,11.8899458304361,frost=-3,{'frost': -3}
gilde,monthly,True,1,33,40,-0.07586754096686739,0.6417275925777914,7.387946654640376,frost=-2,{'frost': -2}
gilde,monthly,True,1,33,40,-0.17926087545756844,0.26838508364294866,-9.16033717148117,frost=-1,{'frost': -1}
gilde,monthly,True,1,33,40,-0.05759275019825322,0.7240948569307012,-5.352087736386091,frost=0,{'frost': 0}
gilde,monthly,True,1,33,40,-0.10281207648094201,0.5278457395690757,-9.16033717148117,frost=1,{'frost': 1}
gilde,monthly,True,1,33,40,-0.07724165605507893,0.6356874358439855,-5.352087736386091,frost=2,{'frost': 2}
gilde,monthly,True,1,33,40,-0.034316005177359415,0.8335013265267481,7.387946654640376,frost=3,{'frost': 3}
gilde,monthly,True,1,33,40,-0.14235095352182683,0.38090386422125133,-18.028720313396818,cold=2,{'cold': 2}
gilde,monthly,True,1,33,40,-0.11840827631205025,0.46679802626000977,-9.16033717148117,cold=4,{'cold': 4}
gilde,monthly,True,1,33,40,0.13403056716631145,0.4096364404992365,-9.16033717148117,cold=6,{'cold': 6}
gilde,monthly,True,1,33,40,-0.06191893435769706,0.7042747688103694,2.393100849896679,cold=8,{'cold': 8}
gilde,monthly,True,1,33,40,-0.017986354201162652,0.9122846270755979,-9.16033717148117,cold=10,{'cold': 10}
gilde,monthly,True,1,33,40,-0.024502120969085675,0.8807066436190287,-20.872675992070533,heat=24,{'heat': 24}
gilde,monthly,True,1,33,40,-0.12149157343684434,0.4551916937267655,-19.94452848266691,heat=26,{'heat': 26}
gilde,monthly,True,1,33,40,-0.17497222682579827,0.28019201361724977,-19.94452848266691,heat=28,{'heat': 28}
gilde,monthly,True,1,33,40,-0.14143293060048617,0.38401439237973306,-18.028720313396818,heat=30,{'heat': 30}
gilde,monthly,True,1,33,40,-0.09553804857894946,0.557593734836741,14.335393832123632,heat=32,{'heat': 32}
gilde,monthly,True,1,33,40,-0.2069159779410117,0.2001688073562951,-18.979079328736283,wind=25,{'wind': 25}
gilde,monthly,True,1,33,40,-0.1884224411384535,0.24427603049099397,-5.352087736386091,wind=30,{'wind': 30}
gilde,monthly,True,1,33,40,-0.15940178007814348,0.3258645649725955,-9.16033717148117,wind=35,{'wind': 35}
gilde,monthly,True,1,33,40,0.1466941467405048,0.36639032764802937,25.84775865076614,wind=40,{'wind': 40}
gilde,monthly,True,1,33,40,-0.07509270651922599,0.6451436025504637,-7.019816793364198,rain=1,{'rain': 1}
gilde,monthly,True,1,33,40,0.0034723854628602793,0.983034311063845,0.6194938600125655,rain=2,{'rain': 2}
gilde,monthly,True,1,33,40,0.020171694152940234,0.9016763505138843,-10.425976284955796,rain=3,{'rain': 3}
gilde,monthly,True,1,33,40,0.08072845073322618,0.6204653902781603,10.750812626311944,rain=5,{'rain': 5}
gilde,monthly,True,1,33,40,0.04555491381313465,0.7801501636263246,13.39179273867539,rain=8,{'rain': 8}
gilde,monthly,True,1,33,40,0.0032761402641477404,0.983993016076971,-9.16033717148117,cold+frost,"{'frost': 0, 'cold': 5}"
gilde,monthly,True,1,33,40,-0.17354171911940988,0.2842044707861077,-18.389843185986365,all-bad,"{'rain': 1, 'frost': 0, 'heat': 28, 'wind': 40}"
gilde,monthly,True,1,33,40,0.05974929037913986,0.7141916915123976,-4.229783106327211,frost+wind,"{'frost': 0, 'wind': 40}"
gilde,monthly,True,2,33,39,-0.2060071347872332,0.20831787674302527,29.743903399760853,frost=-3,{'frost': -3}
gilde,monthly,True,2,33,39,-0.11237396730879552,0.4958051351877348,29.489981416264865,frost=-2,{'frost': -2}
gilde,monthly,True,2,33,39,0.13360157535453968,0.41745732990132284,7.549798840214805,frost=-1,{'frost': -1}
gilde,monthly,True,2,33,39,0.08527015162424964,0.6057649626058109,24.913385811922485,frost=0,{'frost': 0}
gilde,monthly,True,2,33,39,0.12174079347586325,0.46033946581949525,0.604198605224604,frost=1,{'frost': 1}
gilde,monthly,True,2,33,39,0.1541257990608312,0.3488545081692778,0.604198605224604,frost=2,{'frost': 2}
gilde,monthly,True,2,33,39,0.25316927316267124,0.11993231451002713,-3.3774930975416173,frost=3,{'frost': 3}
gilde,monthly,True,2,33,39,0.03387088136196507,0.8378063895079115,11.8899458304361,cold=2,{'cold': 2}
gilde,monthly,True,2,33,39,0.1548979951140546,0.34641564268237474,27.142172273060705,cold=4,{'cold': 4}
gilde,monthly,True,2,33,39,0.20454177620866887,0.21164337018066506,29.489981416264865,cold=6,{'cold': 6}
gilde,monthly,True,2,33,39,0.0896349230808009,0.5873695164878429,-3.3774930975416173,cold=8,{'cold': 8}
gilde,monthly,True,2,33,39,-0.22935759320534002,0.1601581173432341,-14.30641999016854,cold=10,{'cold': 10}
gilde,monthly,True,2,33,39,-0.17181935552286304,0.29560544358257085,-0.600569969843423,heat=24,{'heat': 24}
gilde,monthly,True,2,33,39,-0.16896299528416614,0.30382780940453513,1.1729797778964546,heat=26,{'heat': 26}
gilde,monthly,True,2,33,39,-0.2440267878814777,0.13436673651626144,1.1729797778964546,heat=28,{'heat': 28}
gilde,monthly,True,2,33,39,-0.1038911663953233,0.5290885937892705,2.4148127858756085,heat=30,{'heat': 30}
gilde,monthly,True,2,33,39,0.09908545185806965,0.5484157763808276,15.415003388338455,heat=32,{'heat': 32}
gilde,monthly,True,2,33,39,-0.11451425819035548,0.4875802004614165,27.142172273060705,wind=25,{'wind': 25}
gilde,monthly,True,2,33,39,-0.18771557516715914,0.2524781530182251,1.7842655105786864,wind=30,{'wind': 30}
gilde,monthly,True,2,33,39,-0.2020076176408329,0.21748086941536846,12.70636779526062,wind=35,{'wind': 35}
gilde,monthly,True,2,33,39,-0.04045650867555942,0.806819811013348,2.4148127858756085,wind=40,{'wind': 40}
gilde,monthly,True,2,33,39,0.1735123316592457,0.29080010218772373,9.56199276574794,rain=1,{'rain': 1}
gilde,monthly,True,2,33,39,0.18805065701658955,0.2516169170940016,2.4148127858756085,rain=2,{'rain': 2}
gilde,monthly,True,2,33,39,0.15671188820909876,0.3407278097237013,-7.019816793364198,rain=3,{'rain': 3}
gilde,monthly,True,2,33,39,0.1286271611086511,0.43516053591869464,24.93987305972678,rain=5,{'rain': 5}
gilde,monthly,True,2,33,39,0.009826769356552858,0.9526551187157908,0.6194938600125655,rain=8,{'rain': 8}
gilde,monthly,True,2,33,39,0.15734859890752034,0.3387449531871892,29.489981416264865,cold+frost,"{'frost': 0, 'cold': 5}"
gilde,monthly,True,2,33,39,0.19474406788131202,0.23482430963584486,14.335393832123632,all-bad,"{'rain': 1, 'frost': 0, 'heat': 28, 'wind': 40}"
gilde,monthly,True,2,33,39,0.03742178908307627,0.821065627460912,-1.1593804793251006,frost+wind,"{'frost': 0, 'wind': 40}"
pooled,weekly,True,0,33,356,-0.0577480415693417,0.2771858029208636,-28.21494778380309,frost=-3,{'frost': -3}
pooled,weekly,True,0,33,356,-0.09753124004146199,0.06604350080963199,-22.255807901612854,frost=-2,{'frost': -2}
pooled,weekly,True,0,33,356,-0.132447739847844,0.012375268030330134,-24.887452426170032,frost=-1,{'frost': -1}
pooled,weekly,True,0,33,356,-0.17510112574688183,0.0009071280890813683,-22.67153499186828,frost=0,{'frost': 0}
pooled,weekly,True,0,33,356,-0.17627758594281565,0.0008362846724636671,-17.258898279683333,frost=1,{'frost': 1}
pooled,weekly,True,0,33,356,-0.1929239501190818,0.0002505103607672133,-32.170474172402244,frost=2,{'frost': 2}
pooled,weekly,True,0,33,356,-0.17309652346242546,0.001040722205917583,-23.991116424138426,frost=3,{'frost': 3}
pooled,weekly,True,0,33,356,-0.11246258367503455,0.033904070013340754,-21.977194723476636,cold=2,{'cold': 2}
pooled,weekly,True,0,33,356,-0.1635908338445926,0.0019571592463131157,-23.2738536603456,cold=4,{'cold': 4}
pooled,weekly,True,0,33,356,-0.13355813829620408,0.01165512180678334,-24.757730468476915,cold=6,{'cold': 6}
pooled,weekly,True,0,33,356,-0.10489862811382085,0.047960076314423165,-12.964658212204949,cold=8,{'cold': 8}
pooled,weekly,True,0,33,356,-0.03956654145176749,0.45675188637531566,-13.86893140451665,cold=10,{'cold': 10}
pooled,weekly,True,0,33,356,0.03141858056897379,0.5546104529808076,-2.599620315706397,heat=24,{'heat': 24}
pooled,weekly,True,0,33,356,-0.0071348806681162304,0.8932848195594472,-13.437001816928918,heat=26,{'heat': 26}
pooled,weekly,True,0,33,356,0.07182249557720916,0.17633534239473594,-4.027951820461095,heat=28,{'heat': 28}
pooled,weekly,True,0,33,356,0.11115427209257234,0.036048576496435586,-13.888669173504686,heat=30,{'heat': 30}
pooled,weekly,True,0,33,356,-0.006735045357016422,0.8992323813295398,-21.135274214356812,heat=32,{'heat': 32}
pooled,weekly,True,0,33,356,-0.015170417225664149,0.775456745317929,-6.415615082581128,wind=25,{'wind': 25}
pooled,weekly,True,0,33,356,-0.04390468842910664,0.40887391119445493,-4.8633641346943035,wind=30,{'wind': 30}
pooled,weekly,True,0,33,356,-0.0384797728358904,0.4692194860462877,-13.961472060866598,wind=35,{'wind': 35}
pooled,weekly,True,0,33,356,-0.021173103564071837,0.6905321733668353,-19.429446336378454,wind=40,{'wind': 40}
pooled,weekly,True,0,33,356,0.031720436498680435,0.550811028653176,-18.911322310678138,wind=45,{'wind': 45}
pooled,weekly,True,0,33,356,0.007895579802326694,0.8819861533300308,13.024427145897688,rain=1,{'rain': 1}
pooled,weekly,True,0,33,356,-0.01803285061842085,0.734553901378724,-4.8633641346943035,rain=2,{'rain': 2}
pooled,weekly,True,0,33,356,-0.006287899148697566,0.9058903599054655,6.483934699259852,rain=3,{'rain': 3}
pooled,weekly,True,0,33,356,0.04540036631108462,0.39308270915204446,12.356698151708523,rain=5,{'rain': 5}
pooled,weekly,True,0,33,356,0.023831631871061732,0.6540546253931648,14.812124994428743,rain=8,{'rain': 8}
pooled,weekly,True,0,33,356,-0.1718379036283873,0.001133629974681702,-23.719967641681517,cold+frost,"{'frost': 0, 'cold': 5}"
pooled,weekly,True,0,33,356,-0.09679004831734099,0.06813798714952463,-14.618781081658227,all-bad,"{'rain': 1, 'frost': 0, 'heat': 28, 'wind': 40}"
pooled,weekly,True,0,33,356,-0.16591716666767203,0.001681943303362692,-24.102215655577762,frost+wind,"{'frost': 0, 'wind': 40}"
pooled,weekly,True,1,33,354,0.005355812204975445,0.9200161928850565,-24.086181042444665,frost=-3,{'frost': -3}
pooled,weekly,True,1,33,354,-0.03541336712664108,0.5065941199365964,-19.21047557885465,frost=-2,{'frost': -2}
pooled,weekly,True,1,33,354,-0.022855350927428596,0.6682464152755679,-19.278779141115297,frost=-1,{'frost': -1}
pooled,weekly,True,1,33,354,-0.018869770824708552,0.7234824504322073,-14.180192968952554,frost=0,{'frost': 0}
pooled,weekly,True,1,33,354,-0.04913781812292697,0.3566278921506899,-18.27475672378932,frost=1,{'frost': 1}
pooled,weekly,True,1,33,354,-0.00031716580806447184,0.9952555403261425,-18.31482270617979,frost=2,{'frost': 2}
pooled,weekly,True,1,33,354,0.013547404092645777,0.7994932149130382,-13.961472060866598,frost=3,{'frost': 3}
pooled,weekly,True,1,33,354,-0.03170409171500446,0.5521452068756829,-14.61690676527516,cold=2,{'cold': 2}
pooled,weekly,True,1,33,354,-0.04253719096923253,0.4249499807857224,-23.473215965886673,cold=4,{'cold': 4}
pooled,weekly,True,1,33,354,0.01711259376784169,0.7483193140726414,-22.67153499186828,cold=6,{'cold': 6}
pooled,weekly,True,1,33,354,0.030835321830148713,0.5630962201720222,-13.403542021301828,cold=8,{'cold': 8}
pooled,weekly,True,1,33,354,0.001736792115959333,0.9740238746128418,-14.865806010788617,cold=10,{'cold': 10}
pooled,weekly,True,1,33,354,-0.019710270777049194,0.7117022972864512,4.513403071213196,heat=24,{'heat': 24}
pooled,weekly,True,1,33,354,-0.007048407417456843,0.8948675468643192,12.088329487572768,heat=26,{'heat': 26}
pooled,weekly,True,1,33,354,0.06239028654306335,0.24165688672105318,7.789062146020909,heat=28,{'heat': 28}
pooled,weekly,True,1,33,354,0.03998279863380814,0.45330823065521064,-14.61690676527516,heat=30,{'heat': 30}
pooled,weekly,True,1,33,354,0.0700337002779338,0.18863411971572808,-22.255807901612854,heat=32,{'heat': 32}
pooled,weekly,True,1,33,354,-0.08088345168202779,0.1287825672170843,-11.81035075670761,wind=25,{'wind': 25}
pooled,weekly,True,1,33,354,-0.06068443848406327,0.2547939037630398,-7.378160491575281,wind=30,{'wind': 30}
pooled,weekly,True,1,33,354,-0.03511430148225893,0.5101924379314581,-25.101842905734106,wind=35,{'wind': 35}
pooled,weekly,True,1,33,354,-0.04702133406996793,0.37774431958663,-28.704897828948607,wind=40,{'wind': 40}
pooled,weekly,True,1,33,354,-0.052396604153086376,0.3255951865300597,-26.37016425709917,wind=45,{'wind': 45}
pooled,weekly,True,1,33,354,-0.09775400973529423,0.06619102438759768,-2.317577295233797,rain=1,{'rain': 1}
pooled,weekly,True,1,33,354,-0.08591855713705576,0.10656734311875503,-5.422663304963294,rain=2,{'rain': 2}
pooled,weekly,True,1,33,354,-0.039284509368388766,0.461241602683389,-4.3910145136203615,rain=3,{'rain': 3}
pooled,weekly,True,1,33,354,-0.03844117444656956,0.4709249932775854,-4.317220767905727,rain=5,{'rain': 5}
pooled,weekly,True,1,33,354,-0.053684200406987,0.3138308561574995,-10.527596710062282,rain=8,{'rain': 8}
pooled,weekly,True,1,33,354,0.028474197722279656,0.5933745370087042,-19.278779141115297,cold+frost,"{'frost': 0, 'cold': 5}"
pooled,weekly,True,1,33,354,-0.10567848098876947,0.04693756176159411,-13.965573572122613,all-bad,"{'rain': 1, 'frost': 0, 'heat': 28, 'wind': 40}"
pooled,weekly,True,1,33,354,-0.04340900159863586,0.4155127931461701,-24.382212725485132,frost+wind,"{'frost': 0, 'wind': 40}"
pooled,weekly,True,2,33,352,0.003256947933932994,0.9514479517462545,-23.912719109577928,frost=-3,{'frost': -3}
pooled,weekly,True,2,33,352,-0.02811971673638753,0.599027114026925,-15.623307605489689,frost=-2,{'frost': -2}
pooled,weekly,True,2,33,352,0.023147461290895156,0.6651614289002846,-17.70994437332719,frost=-1,{'frost': -1}
pooled,weekly,True,2,33,352,0.018036029570229067,0.7359588114345673,-8.122953233483676,frost=0,{'frost': 0}
pooled,weekly,True,2,33,352,0.027130270863585052,0.6119500429338837,-8.159851655747374,frost=1,{'frost': 1}
pooled,weekly,True,2,33,352,0.06431556398995736,0.228735953909425,-7.5027113343870795,frost=2,{'frost': 2}
pooled,weekly,True,2,33,352,0.03650287961040696,0.4948303872098006,-9.574462071035384,frost=3,{'frost': 3}
pooled,weekly,True,2,33,352,0.03831746816680451,0.47361752239979743,-16.827257387127826,cold=2,{'cold': 2}
pooled,weekly,True,2,33,352,0.038392867072829386,0.4727470025948245,-12.591005501854745,cold=4,{'cold': 4}
pooled,weekly,True,2,33,352,0.07115053792528234,0.18291188045885015,-11.907941147922996,cold=6,{'cold': 6}
pooled,weekly,True,2,33,352,0.045208769231598785,0.3977719374915048,-6.274568519893798,cold=8,{'cold': 8}
pooled,weekly,True,2,33,352,0.025087209066549022,0.6390142978849712,-4.0072468718383,cold=10,{'cold': 10}
pooled,weekly,True,2,33,352,0.11853934022885179,0.026153082019960958,-4.5391276482515845,heat=24,{'heat': 24}
pooled,weekly,True,2,33,352,0.11451291344652559,0.03172321360364916,-4.895973568740342,heat=26,{'heat': 26}
pooled,weekly,True,2,33,352,0.09994654362780434,0.06104266561289873,-11.518752689934153,heat=28,{'heat': 28}
pooled,weekly,True,2,33,352,0.028200617410629788,0.5979759565873235,-16.415889265525507,heat=30,{'heat': 30}
pooled,weekly,True,2,33,352,0.08173085547665492,0.1258895375930589,-17.62338381159393,heat=32,{'heat': 32}
pooled,weekly,True,2,33,352,-0.03890781339785353,0.46682519083380547,-12.248793720057838,wind=25,{'wind': 25}
pooled,weekly,True,2,33,352,-0.008839134581725607,0.8687470394822524,-8.791994526667079,wind=30,{'wind': 30}
pooled,weekly,True,2,33,352,0.05920230918188927,0.2679677175102217,-16.04067514229286,wind=35,{'wind': 35}
pooled,weekly,True,2,33,352,0.011169641827432207,0.8345870620339474,-19.190902359342388,wind=40,{'wind': 40}
pooled,weekly,True,2,33,352,0.01987314446815597,0.7102177071353413,-20.991620630334108,wind=45,{'wind': 45}
pooled,weekly,True,2,33,352,-0.0027107813865705132,0.9595821412339799,2.5782462635335124,rain=1,{'rain': 1}
pooled,weekly,True,2,33,352,0.024452745460770756,0.6475196039769187,-4.459813772744658,rain=2,{'rain': 2}
pooled,weekly,True,2,33,352,0.02671152029415797,0.617455994753916,4.195165829218395,rain=3,{'rain': 3}
pooled,weekly,True,2,33,352,0.05990315729393694,0.2623337958800387,12.461527360128777,rain=5,{'rain': 5}
pooled,weekly,True,2,33,352,0.043661794757375236,0.41413210235973896,-6.528219445071127,rain=8,{'rain': 8}
pooled,weekly,True,2,33,352,0.06174393424279511,0.24792620205922075,-11.292449925122384,cold+frost,"{'frost': 0, 'cold': 5}"
pooled,weekly,True,2,33,352,0.08718470195332267,0.10246423214511005,-1.466340545871414,all-bad,"{'rain': 1, 'frost': 0, 'heat': 28, 'wind': 40}"
pooled,weekly,True,2,33,352,0.03347124366618654,0.5313687803130418,-8.122953233483676,frost+wind,"{'frost': 0, 'wind': 40}"
pooled,monthly,True,0,33,83,-0.13687636378699333,0.21723704504089683,-15.793551127538274,frost=-3,{'frost': -3}
pooled,monthly,True,0,33,83,-0.24449897402830284,0.025904766795409997,-21.979042724958276,frost=-2,{'frost': -2}
pooled,monthly,True,0,33,83,-0.28875990154522096,0.008109347472288182,-27.64141497298933,frost=-1,{'frost': -1}
pooled,monthly,True,0,33,83,-0.15258744157921697,0.16847067517867056,-18.028720313396818,frost=0,{'frost': 0}
pooled,monthly,True,0,33,83,-0.09059528271193305,0.41534597280208213,-21.79941305944093,frost=1,{'frost': 1}
pooled,monthly,True,0,33,83,-0.0987935876108683,0.37422940937250254,-19.87024980626907,frost=2,{'frost': 2}
pooled,monthly,True,0,33,83,-0.107421108482286,0.3337382462542475,-20.61691257490301,frost=3,{'frost': 3}
pooled,monthly,True,0,33,83,0.00908905315572842,0.9350036991021784,-0.1433797290440353,cold=2,{'cold': 2}
pooled,monthly,True,0,33,83,0.00359238090507812,0.9742871166700734,-23.124211889647295,cold=4,{'cold': 4}
pooled,monthly,True,0,33,83,0.01632522602490162,0.8835392905097122,-21.79941305944093,cold=6,{'cold': 6}
pooled,monthly,True,0,33,83,-0.20426879686759436,0.06397741145217116,-16.59256396267381,cold=8,{'cold': 8}
pooled,monthly,True,0,33,83,-0.20650521495158924,0.061059590247867224,-16.3122158751691,cold=10,{'cold': 10}
pooled,monthly,True,0,33,83,0.12087870444486656,0.2763508475352471,9.510149572667137,heat=24,{'heat': 24}
pooled,monthly,True,0,33,83,0.015240660868593412,0.8912274505364716,4.566522714335441,heat=26,{'heat': 26}
pooled,monthly,True,0,33,83,0.10087693009752456,0.36418875350128793,-12.349719196275755,heat=28,{'heat': 28}
pooled,monthly,True,0,33,83,0.037559030664443584,0.7360349859308307,-4.329663408186235,heat=30,{'heat': 30}
pooled,monthly,True,0,33,83,0.05444860382566149,0.624919307029505,-17.106519440874646,heat=32,{'heat': 32}
pooled,monthly,True,0,33,83,-0.13454332019167975,0.22525167301441576,-4.229783106327211,wind=25,{'wind': 25}
pooled,monthly,True,0,33,83,-0.12798198667526817,0.2488949634138508,-12.720614676825326,wind=30,{'wind': 30}
pooled,monthly,True,0,33,83,-0.17243963438773488,0.11902551480618129,-19.94452848266691,wind=35,{'wind': 35}
pooled,monthly,True,0,33,83,-0.08656483162298402,0.43648345617225764,-6.495495457683664,wind=40,{'wind': 40}
pooled,monthly,True,0,33,83,-0.027483274166172453,0.8051915892887116,-10.47990532552262,wind=45,{'wind': 45}
pooled,monthly,True,0,33,83,-0.05156684927447515,0.6433788352554953,-3.8910550763512575,rain=1,{'rain': 1}
pooled,monthly,True,0,33,83,-0.024521202010595915,0.8258369975672183,8.91074842279842,rain=2,{'rain': 2}
pooled,monthly,True,0,33,83,-0.031234745954758787,0.7792359195314023,-6.745972223724095,rain=3,{'rain': 3}
pooled,monthly,True,0,33,83,0.03624489822479368,0.7449496049536993,-6.345710202925526,rain=5,{'rain': 5}
pooled,monthly,True,0,33,83,0.029794619619028285,0.7891730072057264,9.370973989458896,rain=8,{'rain': 8}
pooled,monthly,True,0,33,83,-0.023956290601226112,0.8297883021074718,-21.06387267360079,cold+frost,"{'frost': 0, 'cold': 5}"
pooled,monthly,True,0,33,83,-0.06955627374401609,0.532079373477037,-19.861550317925857,all-bad,"{'rain': 1, 'frost': 0, 'heat': 28, 'wind': 40}"
pooled,monthly,True,0,33,83,-0.16114746393924145,0.14556163827709173,-22.401132318755668,frost+wind,"{'frost': 0, 'wind': 40}"
pooled,monthly,True,1,33,81,-0.11394887757373973,0.3111060746142952,-18.028720313396818,frost=-3,{'frost': -3}
pooled,monthly,True,1,33,81,-0.051804744027276015,0.6460154537172155,-21.979042724958276,frost=-2,{'frost': -2}
pooled,monthly,True,1,33,81,-0.10899151104034821,0.3327614893651556,-23.643284781413964,frost=-1,{'frost': -1}
pooled,monthly,True,1,33,81,0.03283998568161505,0.7710172525092351,-18.979079328736283,frost=0,{'frost': 0}
pooled,monthly,True,1,33,81,-0.0009584558853692291,0.9932244227249887,-19.87024980626907,frost=1,{'frost': 1}
pooled,monthly,True,1,33,81,-0.00130251088218184,0.9907922991894134,-19.417398578968857,frost=2,{'frost': 2}
pooled,monthly,True,1,33,81,0.05437604045906194,0.6297101141559021,-23.124211889647295,frost=3,{'frost': 3}
pooled,monthly,True,1,33,81,-0.09027452875792097,0.42285322489270855,-25.765178797157418,cold=2,{'cold': 2}
pooled,monthly,True,1,33,81,0.017988903086231328,0.8733564065279121,-22.401132318755668,cold=4,{'cold': 4}
pooled,monthly,True,1,33,81,0.1392693950718599,0.21497686848194522,-21.979042724958276,cold=6,{'cold': 6}
pooled,monthly,True,1,33,81,-0.03055075141528146,0.7865861242401757,-20.608294149885666,cold=8,{'cold': 8}
pooled,monthly,True,1,33,81,0.048517278255072425,0.6671068233960544,-15.52506391846994,cold=10,{'cold': 10}
pooled,monthly,True,1,33,81,-0.044366648823238986,0.6941072602958496,-3.8910550763512575,heat=24,{'heat': 24}
pooled,monthly,True,1,33,81,-0.15181239137166658,0.17607751869110064,-4.028855821169863,heat=26,{'heat': 26}
pooled,monthly,True,1,33,81,-0.2280519983538884,0.04059590841010735,-21.832136055641136,heat=28,{'heat': 28}
pooled,monthly,True,1,33,81,-0.1879069917500455,0.09298118403081078,-5.416814092035127,heat=30,{'heat': 30}
pooled,monthly,True,1,33,81,-0.049019755998608104,0.6638658060976639,-11.295511072306596,heat=32,{'heat': 32}
pooled,monthly,True,1,33,81,-0.07650520227295904,0.4972387568966115,-12.276940273313775,wind=25,{'wind': 25}
pooled,monthly,True,1,33,81,-0.0452865767469037,0.6880885973473915,-11.704354303433306,wind=30,{'wind': 30}
pooled,monthly,True,1,33,81,-0.0023110844109544087,0.9836632623547961,-9.16033717148117,wind=35,{'wind': 35}
pooled,monthly,True,1,33,81,0.1739289314158097,0.12044893248702929,-6.485343905415785,wind=40,{'wind': 40}
pooled,monthly,True,1,33,81,0.23248362672701628,0.03674911842119109,-5.416814092035127,wind=45,{'wind': 45}
pooled,monthly,True,1,33,81,-0.03580565709031835,0.7509825898637023,-6.879679596072363,rain=1,{'rain': 1}
pooled,monthly,True,1,33,81,-0.010819968651918458,0.9236246571252006,4.095476294794209,rain=2,{'rain': 2}
pooled,monthly,True,1,33,81,0.00780535239711656,0.9448643681868606,4.3418811635749455,rain=3,{'rain': 3}
pooled,monthly,True,1,33,81,0.07734939077914725,0.49249003785027123,10.08407218416636,rain=5,{'rain': 5}
pooled,monthly,True,1,33,81,0.0821345396162764,0.4660295646717341,17.853129681133638,rain=8,{'rain': 8}
pooled,monthly,True,1,33,81,0.05118132384057046,0.6499943839102534,-21.979042724958276,cold+frost,"{'frost': 0, 'cold': 5}"
pooled,monthly,True,1,33,81,-0.1279789508437456,0.25487107475215004,-28.014108655919078,all-bad,"{'rain': 1, 'frost': 0, 'heat': 28, 'wind': 40}"
pooled,monthly,True,1,33,81,0.11609361515588423,0.30202642689431897,-18.028720313396818,frost+wind,"{'frost': 0, 'wind': 40}"
pooled,monthly,True,2,33,79,-0.027103062998624448,0.8125783472301696,-2.3319026578314417,frost=-3,{'frost': -3}
pooled,monthly,True,2,33,79,-0.0038865116839007776,0.9728822657700926,-13.77481500654757,frost=-2,{'frost': -2}
pooled,monthly,True,2,33,79,0.13307387398934603,0.24234638315191456,-13.252585881566137,frost=-1,{'frost': -1}
pooled,monthly,True,2,33,79,0.1872742351960251,0.09840101443335535,-12.960415080633304,frost=0,{'frost': 0}
pooled,monthly,True,2,33,79,0.1826194041447477,0.10720963357378274,-11.20501885053995,frost=1,{'frost': 1}
pooled,monthly,True,2,33,79,0.21119558355922077,0.06171173956755087,-11.20501885053995,frost=2,{'frost': 2}
pooled,monthly,True,2,33,79,0.2968702019664418,0.007889482034561785,-7.363872065941834,frost=3,{'frost': 3}
pooled,monthly,True,2,33,79,0.08067177160717857,0.47972142852771826,-20.015398096379034,cold=2,{'cold': 2}
pooled,monthly,True,2,33,79,0.1831447048732367,0.10618594890197035,-11.20501885053995,cold=4,{'cold': 4}
pooled,monthly,True,2,33,79,0.20526459388861593,0.06956575582018586,-12.743012943269438,cold=6,{'cold': 6}
pooled,monthly,True,2,33,79,0.2079007177783541,0.06598093670467454,-12.088846829651079,cold=8,{'cold': 8}
pooled,monthly,True,2,33,79,0.017261301652883653,0.8799854962775704,-10.895955192620354,cold=10,{'cold': 10}
pooled,monthly,True,2,33,79,-0.013777827965057566,0.904076155828842,11.92655102973983,heat=24,{'heat': 24}
pooled,monthly,True,2,33,79,-0.11152382409022041,0.32782586601475133,12.228350818612821,heat=26,{'heat': 26}
pooled,monthly,True,2,33,79,-0.16587312586459307,0.14402783702491864,3.5301567589604677,heat=28,{'heat': 28}
pooled,monthly,True,2,33,79,-0.02838451147046078,0.803890063876967,-1.5099095564375165,heat=30,{'heat': 30}
pooled,monthly,True,2,33,79,0.12036770257831347,0.2906729838939835,-4.164223845618309,heat=32,{'heat': 32}
pooled,monthly,True,2,33,79,-0.13515125917698745,0.23500624155352684,-8.156199094945581,wind=25,{'wind': 25}
pooled,monthly,True,2,33,79,-0.11187042912105735,0.32631528718650793,-6.762158643467342,wind=30,{'wind': 30}
pooled,monthly,True,2,33,79,-0.043865112563950995,0.7010880771025821,12.51824896603222,wind=35,{'wind': 35}
pooled,monthly,True,2,33,79,-0.08491432941770789,0.4568459153158159,-5.960672749228523,wind=40,{'wind': 40}
pooled,monthly,True,2,33,79,-0.10050665165316172,0.37814558256671005,-18.519755326080578,wind=45,{'wind': 45}
pooled,monthly,True,2,33,79,0.08015586150127911,0.48254432869122915,24.025076645861954,rain=1,{'rain': 1}
pooled,monthly,True,2,33,79,0.05781944627730361,0.6127563295539392,4.211386958326502,rain=2,{'rain': 2}
pooled,monthly,True,2,33,79,0.06455698203672279,0.5719110106847528,11.061118913493084,rain=3,{'rain': 3}
pooled,monthly,True,2,33,79,0.008914980589237922,0.9378466523623499,17.09982971655284,rain=5,{'rain': 5}
pooled,monthly,True,2,33,79,-0.057189205776350914,0.6166408574605708,-11.410546765083874,rain=8,{'rain': 8}
pooled,monthly,True,2,33,79,0.17817830738803545,0.11617320362321026,-10.146373599540182,cold+frost,"{'frost': 0, 'cold': 5}"
pooled,monthly,True,2,33,79,0.15613682088911066,0.16941119167225946,7.217940677852308,all-bad,"{'rain': 1, 'frost': 0, 'heat': 28, 'wind': 40}"
pooled,monthly,True,2,33,79,0.11626322038634311,0.3075557235012115,-11.922698285933143,frost+wind,"{'frost': 0, 'wind': 40}"
