date,rain_mm,precip_mm,snow_mm,temp_mean_c,temp_max_c,temp_min_c,wind_max_kmh,gust_max_kmh
2023-01-05,0.7,0.7,0.0,10.1,11.2,8.9,25.1,50.8
2023-01-06,0.9,0.9,0.0,10.6,11.8,9.6,25.7,49.0
2023-01-07,0.6,0.6,0.0,10.0,11.9,8.2,25.9,49.3
2023-01-08,1.3,1.3,0.0,9.0,10.7,7.6,25.1,49.3
2023-01-09,2.5,2.5,0.0,6.7,8.2,4.7,26.3,49.7
2023-01-10,4.2,4.2,0.0,5.4,9.4,3.0,29.0,54.7
2023-01-11,5.8,5.8,0.0,9.9,11.1,8.3,32.6,62.3
2023-01-12,29.9,29.9,0.0,9.5,10.7,8.4,35.3,68.0
2023-01-13,1.8,1.8,0.0,8.3,9.9,7.1,34.5,69.8
2023-01-14,10.3,10.3,0.0,8.5,11.6,5.3,34.8,67.7
2023-01-15,1.1,1.1,0.0,6.4,9.0,5.2,37.5,79.6
2023-01-16,7.7,9.0,0.91,4.6,6.4,3.0,25.3,48.2
2023-01-17,0.7,2.7,1.4,0.4,3.5,-3.4,23.7,45.0
2023-01-18,0.0,0.0,0.0,-0.4,3.6,-3.0,18.6,35.3
2023-01-19,0.5,4.2,2.59,1.3,4.2,-1.0,22.3,41.8
2023-01-20,0.3,7.9,5.32,0.0,2.0,-1.4,16.0,32.4
2023-01-21,0.0,0.0,0.0,-0.5,1.8,-2.5,15.6,31.7
2023-01-22,0.0,0.0,0.0,0.3,1.3,-1.4,16.5,31.3
2023-01-23,0.0,0.0,0.0,2.2,3.9,0.9,13.3,28.4
2023-01-24,0.0,0.0,0.0,2.0,2.8,0.0,12.5,27.4
2023-01-25,0.0,0.0,0.0,-0.6,0.3,-1.6,8.6,19.1
2023-01-26,0.9,1.2,0.21,1.5,5.7,-1.4,14.8,27.0
2023-01-27,0.2,0.2,0.0,3.4,4.7,2.0,19.8,41.0
2023-01-28,0.0,0.0,0.0,1.3,2.7,-1.2,11.3,23.0
2023-01-29,0.0,0.0,0.0,1.2,3.7,-1.4,21.6,40.7
2023-01-30,1.5,1.5,0.0,5.9,7.8,3.1,30.0,67.0
2023-01-31,0.8,0.8,0.0,4.7,7.4,1.6,28.5,58.7
2023-02-01,1.0,1.0,0.0,5.9,7.9,4.0,34.2,70.2
2023-02-02,0.8,0.8,0.0,7.6,8.8,6.3,29.3,56.5
2023-02-03,0.3,0.3,0.0,8.9,9.9,8.0,25.9,49.7
2023-02-04,1.1,1.1,0.0,7.3,9.1,5.7,12.8,26.3
2023-02-05,1.7,1.7,0.0,6.3,7.8,3.3,29.2,61.6
2023-02-06,0.1,0.1,0.0,2.0,6.7,-2.0,11.1,24.1
2023-02-07,0.0,0.0,0.0,0.3,4.9,-4.2,9.7,19.4
2023-02-08,0.0,0.0,0.0,-0.1,6.5,-4.7,10.8,19.1
2023-02-09,0.0,0.0,0.0,1.1,5.2,-2.8,12.7,26.3
2023-02-10,0.0,0.0,0.0,3.8,7.8,-0.2,19.3,38.5
2023-02-11,0.1,0.1,0.0,6.3,8.6,3.6,17.2,33.1
2023-02-12,0.0,0.0,0.0,7.0,9.0,5.5,8.1,14.4
2023-02-13,0.0,0.0,0.0,6.0,12.1,0.9,9.0,15.8
2023-02-14,0.0,0.0,0.0,5.1,12.1,1.0,8.8,14.4
2023-02-15,0.0,0.0,0.0,5.3,12.4,-0.1,12.2,27.0
2023-02-16,2.5,2.5,0.0,7.1,10.9,4.1,20.4,38.2
2023-02-17,0.4,0.4,0.0,10.8,12.6,9.4,33.0,65.9
2023-02-18,1.1,1.1,0.0,10.2,10.7,9.6,29.4,58.7
2023-02-19,2.1,2.1,0.0,8.7,10.3,4.8,23.9,46.1
2023-02-20,0.1,0.1,0.0,7.1,9.4,4.6,28.2,53.6
2023-02-21,0.0,0.0,0.0,7.1,8.4,4.3,16.8,31.7
2023-02-22,2.6,2.6,0.0,6.6,12.9,2.2,13.7,27.7
2023-02-23,5.1,5.1,0.0,7.9,9.8,6.7,13.2,26.3
2023-02-24,2.8,2.8,0.0,4.0,6.3,0.3,20.0,40.7
2023-02-25,0.7,0.7,0.0,3.5,6.6,0.1,20.9,41.8
2023-02-26,0.0,0.0,0.0,1.1,4.6,-2.0,22.3,45.4
2023-02-27,0.0,0.0,0.0,1.0,5.2,-3.2,18.9,41.8
2023-02-28,0.0,0.0,0.0,0.9,5.2,-2.2,21.0,42.8
2023-03-01,0.0,0.0,0.0,0.8,6.1,-3.5,15.1,32.0
2023-03-02,0.0,0.0,0.0,2.7,8.8,-1.5,14.2,30.6
2023-03-03,0.0,0.0,0.0,2.1,6.2,-1.5,13.0,27.7
2023-03-04,0.1,0.1,0.0,4.8,7.3,1.5,15.6,31.0
2023-03-05,0.9,0.9,0.0,4.0,5.8,2.7,12.7,27.0
2023-03-06,1.1,1.2,0.07,3.4,6.2,1.0,24.0,45.4
2023-03-07,16.3,17.2,0.63,3.1,4.6,1.2,24.4,46.1
2023-03-08,3.0,10.1,4.97,1.2,3.2,0.0,19.8,40.3
2023-03-09,7.6,7.6,0.0,4.0,9.8,1.0,21.8,41.8
2023-03-10,10.8,12.5,1.19,7.0,10.3,0.6,34.9,69.8
2023-03-11,0.0,0.0,0.0,1.8,6.7,-2.6,16.5,35.3
2023-03-12,0.3,0.3,0.0,6.9,12.0,-0.1,29.6,57.6
2023-03-13,3.7,3.7,0.0,12.8,16.7,9.8,38.3,79.9
2023-03-14,4.8,4.8,0.0,7.6,11.8,2.1,26.1,51.5
2023-03-15,1.3,2.1,0.56,4.2,8.1,1.2,17.9,33.8
2023-03-16,0.7,0.7,0.0,7.7,13.3,2.1,19.9,40.7
2023-03-17,0.0,0.0,0.0,11.8,17.5,7.5,15.4,29.9
2023-03-18,1.7,1.7,0.0,11.9,15.1,8.6,20.0,38.5
2023-03-19,1.3,1.3,0.0,10.4,14.2,7.5,14.9,30.6
2023-03-20,3.1,3.1,0.0,7.3,9.4,4.4,19.7,42.1
2023-03-21,0.3,0.3,0.0,10.9,13.9,8.3,25.7,51.8
2023-03-22,2.8,2.8,0.0,10.5,11.9,9.1,29.3,58.3
2023-03-23,3.5,3.5,0.0,12.5,15.1,10.6,29.0,64.4
2023-03-24,8.0,8.0,0.0,11.4,12.9,8.5,27.9,60.5
2023-03-25,5.1,5.1,0.0,9.2,11.1,7.9,40.2,77.8
2023-03-26,11.2,11.2,0.0,7.0,8.4,5.8,18.7,38.5
2023-03-27,1.2,1.3,0.07,4.2,7.5,1.5,20.6,46.4
2023-03-28,1.4,1.4,0.0,3.8,9.7,-1.6,17.1,35.3
2023-03-29,0.3,0.3,0.0,10.2,15.7,4.9,20.4,40.0
2023-03-30,2.9,2.9,0.0,13.3,15.4,10.4,30.8,63.4
2023-03-31,11.4,11.4,0.0,10.9,13.6,9.4,30.4,67.0
2023-04-01,15.2,15.2,0.0,9.2,10.3,8.5,28.3,55.4
2023-04-02,1.4,1.4,0.0,6.2,9.3,2.8,20.6,42.5
2023-04-03,0.0,0.0,0.0,4.3,8.8,0.2,20.0,42.5
2023-04-04,0.0,0.0,0.0,3.9,9.3,-2.5,11.2,25.6
2023-04-05,0.0,0.0,0.0,4.8,11.1,-1.1,8.7,16.6
2023-04-06,5.2,5.2,0.0,5.5,8.1,1.5,18.6,35.3
2023-04-07,2.1,2.1,0.0,8.3,10.1,6.9,15.8,32.0
2023-04-08,0.5,0.5,0.0,9.2,13.9,5.6,10.3,25.2
2023-04-09,0.0,0.0,0.0,10.1,15.2,5.2,9.8,25.2
2023-04-10,3.4,3.4,0.0,11.0,16.5,6.2,23.1,46.8
2023-04-11,0.5,0.5,0.0,9.9,13.1,6.8,26.0,55.4
2023-04-12,12.0,12.0,0.0,8.9,12.4,7.2,22.0,50.0
2023-04-13,3.2,3.2,0.0,8.9,12.9,6.4,31.7,62.3
2023-04-14,0.1,0.1,0.0,8.3,14.5,1.9,14.2,32.0
2023-04-15,0.0,0.0,0.0,8.6,13.4,3.0,23.0,46.8
2023-04-16,0.9,0.9,0.0,9.1,11.2,7.4,15.5,31.3
2023-04-17,0.0,0.0,0.0,10.3,14.7,6.9,17.3,36.0
2023-04-18,0.0,0.0,0.0,9.4,12.8,4.7,21.3,44.3
2023-04-19,0.0,0.0,0.0,10.9,14.1,8.6,22.7,47.9
2023-04-20,3.5,3.8,0.21,7.8,10.6,5.4,23.1,46.4
2023-04-21,1.9,1.9,0.0,10.9,16.9,5.8,19.2,40.3
2023-04-22,2.8,2.8,0.0,10.9,17.5,5.1,19.2,46.1
2023-04-23,7.5,7.5,0.0,11.4,16.4,8.1,29.1,55.4
2023-04-24,14.9,14.9,0.0,8.7,10.9,5.7,29.2,58.3
2023-04-25,1.5,1.5,0.0,6.8,10.1,3.9,19.0,40.0
2023-04-26,0.2,0.2,0.0,5.5,9.7,0.0,7.4,20.9
2023-04-27,0.0,0.0,0.0,7.7,13.3,1.2,12.0,28.4
2023-04-28,10.6,10.6,0.0,12.0,16.8,7.6,23.5,49.3
2023-04-29,0.5,0.5,0.0,11.3,14.9,8.2,14.3,28.8
2023-04-30,0.0,0.0,0.0,11.5,17.0,5.3,13.0,30.6
2023-05-01,2.1,2.1,0.0,12.7,16.8,8.8,17.6,39.2
2023-05-02,0.0,0.0,0.0,9.9,13.1,6.1,15.3,30.6
2023-05-03,0.0,0.0,0.0,9.2,15.1,3.3,14.7,31.3
2023-05-04,0.0,0.0,0.0,14.4,21.9,6.9,17.9,37.4
2023-05-05,10.5,10.5,0.0,14.4,17.6,11.4,15.5,34.6
2023-05-06,0.9,0.9,0.0,14.7,20.1,8.4,10.6,23.4
2023-05-07,11.7,11.7,0.0,14.9,20.6,11.1,11.6,27.0
2023-05-08,0.9,0.9,0.0,15.1,20.2,10.8,10.5,26.3
2023-05-09,15.2,15.2,0.0,13.9,15.8,12.4,12.9,26.3
2023-05-10,7.3,7.3,0.0,13.0,16.6,10.7,18.1,38.5
2023-05-11,2.7,2.7,0.0,12.9,16.6,8.8,12.9,28.8
2023-05-12,12.9,12.9,0.0,14.7,20.0,11.4,19.1,44.3
2023-05-13,0.1,0.1,0.0,15.9,22.4,10.2,17.3,36.4
2023-05-14,0.0,0.0,0.0,15.0,20.8,9.3,13.5,26.6
2023-05-15,1.7,1.7,0.0,12.3,17.0,8.3,19.9,40.7
2023-05-16,0.4,0.4,0.0,10.7,14.2,6.4,19.8,41.4
2023-05-17,0.0,0.0,0.0,10.5,14.9,6.2,17.3,37.8
2023-05-18,0.0,0.0,0.0,10.2,15.1,4.9,12.5,29.5
2023-05-19,0.0,0.0,0.0,13.1,18.8,6.4,14.8,33.1
2023-05-20,0.0,0.0,0.0,15.3,19.6,10.1,22.5,46.8
2023-05-21,0.0,0.0,0.0,16.9,22.6,10.7,14.5,33.5
2023-05-22,0.9,0.9,0.0,17.2,21.4,12.5,18.2,37.8
2023-05-23,0.0,0.0,0.0,13.6,16.5,9.9,20.7,43.9
2023-05-24,0.4,0.4,0.0,10.9,15.6,4.8,15.2,32.4
2023-05-25,0.0,0.0,0.0,12.8,17.2,7.4,15.5,34.9
2023-05-26,0.0,0.0,0.0,12.7,18.0,6.8,18.8,38.5
2023-05-27,0.0,0.0,0.0,14.5,21.7,7.1,13.8,28.1
2023-05-28,0.0,0.0,0.0,16.5,22.8,9.2,20.5,38.5
2023-05-29,0.0,0.0,0.0,14.1,18.0,9.3,18.9,40.0
2023-05-30,0.0,0.0,0.0,13.9,20.7,7.9,19.2,39.6
2023-05-31,0.0,0.0,0.0,17.6,24.2,10.3,18.7,38.9
2023-06-01,0.0,0.0,0.0,14.5,20.1,9.1,19.1,39.6
2023-06-02,0.0,0.0,0.0,14.0,18.1,10.4,17.3,36.4
2023-06-03,0.0,0.0,0.0,16.8,21.9,11.6,19.0,41.0
2023-06-04,0.0,0.0,0.0,17.4,23.5,10.0,15.1,34.2
2023-06-05,0.0,0.0,0.0,17.3,23.9,10.3,16.8,35.6
2023-06-06,0.0,0.0,0.0,18.2,25.1,10.3,15.8,29.5
2023-06-07,0.1,0.1,0.0,18.2,23.0,12.9,16.7,34.6
2023-06-08,0.0,0.0,0.0,19.8,25.6,13.3,18.1,38.2
2023-06-09,0.0,0.0,0.0,22.8,28.8,15.7,19.5,41.8
2023-06-10,0.0,0.0,0.0,24.4,29.8,17.6,17.3,37.8
2023-06-11,0.0,0.0,0.0,25.0,30.0,18.7,18.0,39.6
2023-06-12,0.0,0.0,0.0,24.5,30.0,17.7,16.7,32.8
2023-06-13,0.0,0.0,0.0,22.8,27.5,17.0,16.2,36.7
2023-06-14,0.0,0.0,0.0,21.2,25.2,15.8,18.3,40.0
2023-06-15,0.0,0.0,0.0,21.4,26.7,14.1,15.3,29.5
2023-06-16,0.0,0.0,0.0,21.6,27.1,14.3,14.1,30.6
2023-06-17,0.0,0.0,0.0,21.3,27.9,11.8,11.5,26.6
2023-06-18,0.8,0.8,0.0,22.1,26.3,17.6,13.0,32.4
2023-06-19,0.0,0.0,0.0,22.0,26.6,17.4,18.6,38.5
2023-06-20,7.7,7.7,0.0,23.2,30.7,17.5,17.9,37.4
2023-06-21,0.0,0.0,0.0,21.8,26.2,17.6,15.2,34.2
2023-06-22,36.6,36.6,0.0,20.0,25.8,17.4,25.2,48.6
2023-06-23,0.9,0.9,0.0,20.0,25.0,14.8,15.7,32.4
2023-06-24,0.0,0.0,0.0,21.3,26.9,15.1,9.8,23.0
2023-06-25,0.0,0.0,0.0,23.8,30.9,15.6,12.8,28.4
2023-06-26,0.2,0.2,0.0,20.7,22.9,16.8,22.4,46.8
2023-06-27,0.2,0.2,0.0,18.5,22.3,14.4,17.2,37.1
2023-06-28,0.9,0.9,0.0,18.7,23.0,14.9,10.9,24.8
2023-06-29,0.5,0.5,0.0,20.1,23.7,17.3,16.6,35.6
2023-06-30,0.0,0.0,0.0,17.8,21.6,12.1,18.9,37.8
2023-07-01,2.1,2.1,0.0,18.4,21.0,17.0,26.2,50.8
2023-07-02,0.2,0.2,0.0,18.0,20.6,14.6,26.5,52.9
2023-07-03,0.3,0.3,0.0,17.4,20.8,14.4,27.2,58.0
2023-07-04,3.2,3.2,0.0,17.6,21.0,14.1,23.8,47.9
2023-07-05,4.6,4.6,0.0,16.4,20.7,12.9,38.9,76.7
2023-07-06,0.7,0.7,0.0,17.0,21.5,11.6,15.1,33.1
2023-07-07,0.0,0.0,0.0,20.9,28.0,12.6,10.9,25.6
2023-07-08,0.1,0.1,0.0,24.8,32.8,16.0,14.9,33.8
2023-07-09,3.3,3.3,0.0,24.4,31.4,19.1,16.2,46.8
2023-07-10,1.6,1.6,0.0,21.4,26.2,16.1,14.1,33.5
2023-07-11,1.3,1.3,0.0,23.2,29.0,17.0,17.7,38.9
2023-07-12,4.9,4.9,0.0,19.3,22.4,15.5,25.8,49.7
2023-07-13,1.4,1.4,0.0,17.6,21.5,14.1,23.3,47.9
2023-07-14,0.1,0.1,0.0,20.2,25.8,14.3,16.7,34.2
2023-07-15,0.4,0.4,0.0,23.0,26.2,19.0,28.5,61.9
2023-07-16,1.0,1.0,0.0,19.1,22.4,16.5,31.4,63.7
2023-07-17,1.7,1.7,0.0,17.7,21.2,14.4,21.3,47.9
2023-07-18,0.0,0.0,0.0,18.6,24.1,11.9,11.0,27.7
2023-07-19,1.7,1.7,0.0,18.3,22.6,14.4,20.9,43.2
2023-07-20,1.1,1.1,0.0,17.6,21.7,13.4,10.8,23.4
2023-07-21,3.1,3.1,0.0,16.3,21.5,11.4,18.7,44.6
2023-07-22,0.3,0.3,0.0,16.9,21.9,12.9,24.1,48.6
2023-07-23,2.8,2.8,0.0,18.1,21.6,15.9,31.8,65.2
2023-07-24,23.1,23.1,0.0,18.0,21.9,14.4,21.9,42.8
2023-07-25,0.6,0.6,0.0,15.2,19.2,10.8,17.5,37.4
2023-07-26,1.3,1.3,0.0,16.2,20.9,10.9,20.2,41.4
2023-07-27,15.2,15.2,0.0,17.1,19.0,14.8,26.3,53.6
2023-07-28,3.1,3.1,0.0,19.5,23.4,17.0,17.7,36.7
2023-07-29,7.0,7.0,0.0,19.0,22.7,16.4,20.3,43.2
2023-07-30,7.5,7.5,0.0,17.2,21.2,13.6,28.0,60.1
2023-07-31,14.1,14.1,0.0,17.3,19.5,15.8,34.4,67.0
2023-08-01,2.5,2.5,0.0,17.3,20.0,14.5,26.8,54.0
2023-08-02,13.1,13.1,0.0,17.9,22.4,14.4,28.7,60.5
2023-08-03,8.7,8.7,0.0,16.7,19.2,14.1,35.0,70.2
2023-08-04,1.5,1.5,0.0,16.4,19.9,13.1,15.3,32.8
2023-08-05,5.0,5.0,0.0,15.0,18.6,11.2,17.9,41.4
2023-08-06,9.4,9.4,0.0,14.2,15.7,12.6,24.8,48.6
2023-08-07,2.2,2.2,0.0,15.3,18.4,13.1,26.9,53.6
2023-08-08,2.6,2.6,0.0,15.7,19.6,12.9,23.4,48.6
2023-08-09,1.9,1.9,0.0,16.8,21.1,12.9,16.6,35.3
2023-08-10,0.0,0.0,0.0,17.7,23.1,11.4,6.5,16.9
2023-08-11,4.1,4.1,0.0,20.8,27.8,13.8,14.1,29.2
2023-08-12,7.7,7.7,0.0,20.3,22.9,18.2,17.6,38.2
2023-08-13,0.0,0.0,0.0,19.0,23.9,14.9,17.8,37.1
2023-08-14,0.0,0.0,0.0,19.8,25.8,12.8,12.1,27.0
2023-08-15,0.3,0.3,0.0,20.7,24.6,16.0,13.6,30.2
2023-08-16,1.1,1.1,0.0,19.7,23.5,16.0,14.8,29.2
2023-08-17,0.3,0.3,0.0,18.8,21.2,16.1,14.4,29.5
2023-08-18,0.0,0.0,0.0,21.5,26.8,16.6,11.4,25.6
2023-08-19,0.2,0.2,0.0,23.5,27.5,19.4,15.6,36.7
2023-08-20,0.4,0.4,0.0,21.5,27.2,17.0,9.5,21.6
2023-08-21,0.0,0.0,0.0,21.3,25.9,16.5,9.8,22.7
2023-08-22,0.0,0.0,0.0,19.6,24.4,14.2,12.9,28.8
2023-08-23,0.0,0.0,0.0,19.9,26.1,12.8,10.8,20.5
2023-08-24,2.6,2.6,0.0,20.4,27.0,16.0,14.3,28.4
2023-08-25,6.4,6.4,0.0,19.7,23.5,16.5,20.5,38.5
2023-08-26,1.2,1.2,0.0,16.6,20.7,12.6,23.7,47.5
2023-08-27,6.1,6.1,0.0,15.5,18.6,13.3,22.7,46.1
2023-08-28,2.0,2.0,0.0,15.1,19.2,11.6,14.8,31.0
2023-08-29,0.3,0.3,0.0,15.1,19.4,10.6,11.0,24.5
2023-08-30,2.3,2.3,0.0,14.4,18.0,11.9,21.4,42.5
2023-08-31,0.2,0.2,0.0,14.7,19.4,10.6,18.9,37.8
2023-09-01,9.4,9.4,0.0,16.0,21.2,12.0,8.9,23.0
2023-09-02,0.8,0.8,0.0,18.2,22.6,13.4,8.7,19.4
2023-09-03,0.0,0.0,0.0,17.8,23.2,12.5,9.2,19.4
2023-09-04,0.0,0.0,0.0,18.7,25.2,12.5,14.4,26.3
2023-09-05,0.0,0.0,0.0,22.0,29.1,16.5,12.4,25.9
2023-09-06,0.0,0.0,0.0,22.0,29.0,15.6,10.5,22.3
2023-09-07,0.0,0.0,0.0,22.1,29.0,15.7,11.5,25.6
2023-09-08,0.0,0.0,0.0,22.5,29.7,15.6,10.4,19.4
2023-09-09,0.0,0.0,0.0,22.2,29.0,15.8,7.9,12.6
2023-09-10,0.0,0.0,0.0,24.4,31.2,18.1,9.4,16.9
2023-09-11,0.0,0.0,0.0,23.6,28.2,19.9,11.3,23.8
2023-09-12,7.7,7.7,0.0,20.5,25.2,16.9,16.1,29.5
2023-09-13,2.1,2.1,0.0,17.9,20.0,14.1,17.6,38.2
2023-09-14,0.0,0.0,0.0,15.0,20.5,9.7,9.8,16.9
2023-09-15,0.0,0.0,0.0,16.6,22.9,10.6,10.5,20.5
2023-09-16,3.4,3.4,0.0,18.9,25.4,13.1,9.0,16.6
2023-09-17,5.9,5.9,0.0,20.2,24.3,16.9,14.0,33.1
2023-09-18,1.4,1.4,0.0,19.9,22.6,17.0,27.0,61.9
2023-09-19,0.0,0.0,0.0,17.1,19.8,14.4,33.4,66.6
2023-09-20,0.3,0.3,0.0,19.1,21.8,16.3,28.6,56.5
2023-09-21,11.0,11.0,0.0,18.5,20.8,14.5,23.4,44.3
2023-09-22,5.9,5.9,0.0,13.9,17.4,11.9,21.1,43.6
2023-09-23,1.4,1.4,0.0,13.0,16.7,10.6,21.3,43.2
2023-09-24,0.0,0.0,0.0,13.8,19.5,8.3,14.8,31.3
2023-09-25,0.0,0.0,0.0,15.7,21.4,11.9,14.7,26.6
2023-09-26,0.0,0.0,0.0,16.3,22.0,11.4,9.5,20.9
2023-09-27,0.0,0.0,0.0,17.8,23.8,11.8,14.4,26.3
2023-09-28,0.0,0.0,0.0,18.7,21.2,14.8,19.6,36.7
2023-09-29,3.9,3.9,0.0,17.8,21.4,12.0,25.5,50.4
2023-09-30,0.0,0.0,0.0,14.5,18.9,11.1,10.7,26.6
2023-10-01,0.0,0.0,0.0,17.0,23.0,11.9,14.5,31.3
2023-10-02,0.0,0.0,0.0,19.4,25.0,15.1,13.0,25.9
2023-10-03,6.5,6.5,0.0,17.4,21.8,13.8,25.5,56.2
2023-10-04,0.1,0.1,0.0,14.2,17.3,11.0,19.8,41.8
2023-10-05,0.1,0.1,0.0,14.2,17.4,12.0,17.7,37.4
2023-10-06,0.0,0.0,0.0,14.9,19.0,11.1,20.4,41.8
2023-10-07,0.0,0.0,0.0,17.0,21.1,13.4,24.4,48.2
2023-10-08,0.0,0.0,0.0,16.9,21.6,13.8,15.3,29.5
2023-10-09,0.4,0.4,0.0,16.5,20.6,14.1,15.3,31.0
2023-10-10,0.0,0.0,0.0,16.9,22.4,12.2,19.1,34.9
2023-10-11,0.7,0.7,0.0,18.3,21.5,14.9,22.6,47.9
2023-10-12,7.0,7.0,0.0,16.9,19.0,15.3,20.2,40.0
2023-10-13,8.2,8.2,0.0,19.6,23.6,17.2,32.4,62.6
2023-10-14,9.3,9.3,0.0,12.8,18.4,7.8,29.4,63.0
2023-10-15,1.4,1.4,0.0,7.9,10.7,5.3,17.7,38.5
2023-10-16,0.0,0.0,0.0,7.4,12.6,2.8,8.9,19.8
2023-10-17,0.0,0.0,0.0,8.9,13.0,6.2,17.3,36.7
2023-10-18,7.9,7.9,0.0,10.3,14.4,6.7,19.8,38.9
2023-10-19,2.8,2.8,0.0,15.6,19.9,12.6,19.9,40.7
2023-10-20,15.5,15.5,0.0,14.0,15.0,12.6,21.4,40.7
2023-10-21,0.4,0.4,0.0,13.8,15.6,12.1,29.9,60.8
2023-10-22,4.1,4.1,0.0,12.6,14.9,10.5,29.4,58.0
2023-10-23,5.2,5.2,0.0,10.6,14.1,5.9,18.0,33.8
2023-10-24,3.8,3.8,0.0,11.7,13.4,9.8,18.9,36.7
2023-10-25,13.8,13.8,0.0,10.1,11.5,8.4,19.1,36.7
2023-10-26,0.0,0.0,0.0,9.9,12.7,7.4,11.7,22.7
2023-10-27,13.0,13.0,0.0,10.3,12.8,8.4,17.7,37.8
2023-10-28,4.0,4.0,0.0,11.4,14.4,8.9,25.0,48.2
2023-10-29,7.3,7.3,0.0,13.7,16.2,12.5,31.0,63.7
2023-10-30,7.8,7.8,0.0,12.4,14.9,10.6,23.2,44.6
2023-10-31,1.5,1.5,0.0,10.4,13.1,8.6,19.8,40.0
2023-11-01,7.8,7.8,0.0,12.4,15.4,10.6,27.6,53.3
2023-11-02,2.5,2.5,0.0,12.0,14.1,10.0,45.9,98.3
2023-11-03,1.9,1.9,0.0,9.0,11.4,7.6,32.0,65.5
2023-11-04,5.1,5.1,0.0,9.3,10.5,7.2,24.6,50.8
2023-11-05,2.6,2.6,0.0,10.1,11.1,8.6,29.3,60.8
2023-11-06,0.7,0.7,0.0,9.8,12.0,8.6,31.4,60.8
2023-11-07,0.7,0.7,0.0,8.8,11.0,7.0,24.5,48.2
2023-11-08,3.4,3.4,0.0,9.2,11.2,7.2,31.3,63.0
2023-11-09,5.5,5.5,0.0,10.1,11.8,7.5,26.9,56.2
2023-11-10,4.3,4.3,0.0,7.7,8.6,6.6,25.8,50.4
2023-11-11,0.6,0.6,0.0,6.7,9.4,4.6,19.1,43.2
2023-11-12,0.0,0.0,0.0,6.0,9.4,3.3,13.0,23.4
2023-11-13,11.8,11.8,0.0,10.3,14.6,5.2,31.5,67.7
2023-11-14,17.1,17.1,0.0,11.0,13.1,9.4,29.9,69.1
2023-11-15,3.4,3.4,0.0,9.8,11.4,7.9,23.9,49.0
2023-11-16,0.1,0.1,0.0,6.9,8.5,5.0,19.2,36.0
2023-11-17,0.0,0.0,0.0,5.3,9.1,3.2,8.5,17.6
2023-11-18,10.8,10.8,0.0,7.2,12.3,3.9,24.8,46.8
2023-11-19,4.6,4.6,0.0,11.9,13.4,10.9,29.1,65.2
2023-11-20,1.9,1.9,0.0,9.7,11.4,5.0,25.6,50.0
2023-11-21,0.6,0.6,0.0,6.7,10.4,3.8,16.0,30.2
2023-11-22,0.0,0.0,0.0,3.3,5.7,-0.4,17.8,33.1
2023-11-23,0.7,0.7,0.0,9.6,11.8,6.2,26.9,52.9
2023-11-24,4.6,4.7,0.07,6.5,11.1,4.6,26.3,54.0
2023-11-25,1.2,1.4,0.14,4.6,7.3,2.3,20.2,43.9
2023-11-26,1.3,1.3,0.0,4.4,6.2,2.0,14.8,30.2
2023-11-27,21.3,21.3,0.0,4.7,6.3,3.5,26.2,49.7
2023-11-28,1.6,1.7,0.07,1.0,3.0,-0.9,21.8,40.0
2023-11-29,0.4,3.0,1.82,1.4,4.9,-2.6,21.5,40.7
2023-11-30,0.0,0.0,0.0,-0.4,1.8,-3.5,7.5,18.7
2023-12-01,0.0,0.0,0.0,-0.4,0.6,-1.9,11.2,24.1
2023-12-02,0.0,0.0,0.0,-2.6,0.9,-5.7,13.8,24.8
2023-12-03,0.0,2.7,1.89,0.4,2.5,-2.2,18.1,34.6
2023-12-04,4.6,4.7,0.07,3.0,4.4,2.4,18.8,36.4
2023-12-05,2.4,2.4,0.0,3.4,4.8,1.8,14.7,28.1
2023-12-06,0.2,0.2,0.0,3.0,6.2,0.6,13.7,27.7
2023-12-07,0.0,0.0,0.0,1.1,4.2,-1.3,18.4,33.8
2023-12-08,2.3,2.3,0.0,5.5,8.6,2.5,17.9,34.2
2023-12-09,8.3,8.3,0.0,7.8,10.9,5.9,28.8,61.9
2023-12-10,3.7,3.7,0.0,9.4,10.9,8.0,35.4,69.1
2023-12-11,2.3,2.3,0.0,9.2,10.5,6.6,32.4,61.9
2023-12-12,1.6,1.6,0.0,7.8,11.2,4.7,16.2,33.1
2023-12-13,6.0,6.0,0.0,7.3,8.8,4.3,16.9,32.4
2023-12-14,0.0,0.0,0.0,5.3,6.9,3.9,14.8,28.4
2023-12-15,0.0,0.0,0.0,6.1,8.9,4.1,13.3,27.0
2023-12-16,0.0,0.0,0.0,6.2,9.0,3.0,20.3,40.0
2023-12-17,0.0,0.0,0.0,7.8,9.2,5.1,19.6,40.7
2023-12-18,0.0,0.0,0.0,4.7,5.7,3.9,20.6,39.6
2023-12-19,9.7,9.7,0.0,6.5,7.8,4.8,25.3,47.9
2023-12-20,2.6,2.6,0.0,6.7,8.4,5.3,25.9,50.0
2023-12-21,8.9,8.9,0.0,9.2,11.1,6.5,37.3,81.7
2023-12-22,6.0,6.0,0.0,7.8,9.5,6.3,30.4,60.5
2023-12-23,4.5,4.5,0.0,8.6,10.1,7.4,29.3,57.2
2023-12-24,9.6,9.6,0.0,10.3,11.9,8.1,31.8,61.9
2023-12-25,10.9,10.9,0.0,11.1,11.9,10.4,29.1,55.8
2023-12-26,2.6,2.6,0.0,8.9,11.1,5.2,29.9,59.4
2023-12-27,1.9,1.9,0.0,7.9,10.3,4.2,28.7,54.7
2023-12-28,0.7,0.7,0.0,9.9,11.1,9.2,29.4,56.5
2023-12-29,9.6,9.6,0.0,9.7,10.9,8.1,31.6,60.8
2023-12-30,0.0,0.0,0.0,7.9,10.2,6.2,24.0,47.2
2023-12-31,1.6,1.6,0.0,9.1,10.9,8.2,32.4,63.0
2024-01-01,1.6,1.6,0.0,7.2,8.6,6.1,31.9,61.6
2024-01-02,19.9,19.9,0.0,10.0,11.9,7.1,36.2,75.2
2024-01-03,9.3,9.3,0.0,8.9,9.9,7.8,34.5,73.1
2024-01-04,6.8,6.8,0.0,7.4,8.2,5.9,24.2,45.0
2024-01-05,3.4,3.4,0.0,7.3,8.6,6.2,33.9,64.1
2024-01-06,0.7,0.7,0.0,4.1,6.5,2.2,14.3,28.8
2024-01-07,0.2,0.2,0.0,0.3,2.0,-3.1,19.9,43.6
2024-01-08,0.0,0.2,0.14,-2.8,-0.4,-4.6,23.5,49.3
2024-01-09,0.0,0.0,0.0,-4.0,-1.1,-5.8,20.0,38.9
2024-01-10,0.0,0.0,0.0,-3.9,-0.4,-5.8,15.5,29.5
2024-01-11,0.0,0.0,0.0,-3.3,0.2,-6.6,9.5,21.6
2024-01-12,0.0,0.0,0.0,0.8,3.5,-1.5,7.8,13.7
2024-01-13,0.2,0.2,0.0,2.1,4.0,1.2,17.9,36.0
2024-01-14,0.3,2.6,1.61,0.9,1.9,0.1,21.1,40.0
2024-01-15,0.7,4.1,2.38,1.2,3.0,-0.2,22.9,48.2
2024-01-16,0.0,0.6,0.42,-0.9,1.2,-2.8,16.6,31.7
2024-01-17,0.0,1.9,1.33,-2.4,-0.1,-3.7,12.4,25.6
2024-01-18,0.0,0.0,0.0,-1.7,3.2,-5.4,14.6,32.0
2024-01-19,0.0,0.0,0.0,-1.2,2.8,-3.3,16.1,29.5
2024-01-20,0.0,0.0,0.0,-2.6,-1.0,-4.2,17.4,33.8
2024-01-21,0.0,0.0,0.0,2.9,6.6,-1.5,32.6,62.3
2024-01-22,4.8,4.8,0.0,9.0,10.7,7.1,41.4,79.6
2024-01-23,3.7,3.7,0.0,6.9,10.9,3.7,31.6,60.1
2024-01-24,1.2,1.2,0.0,10.5,12.9,7.4,38.4,80.6
2024-01-25,0.7,0.7,0.0,6.5,9.2,2.5,17.3,33.5
2024-01-26,4.4,4.4,0.0,8.3,10.9,2.8,33.1,63.7
2024-01-27,0.0,0.0,0.0,2.6,7.2,0.1,13.0,25.6
2024-01-28,0.0,0.0,0.0,3.4,11.3,-2.0,13.1,23.8
2024-01-29,0.0,0.0,0.0,7.6,11.9,5.0,12.9,27.0
2024-01-30,0.1,0.1,0.0,9.1,11.9,7.1,24.0,49.7
2024-01-31,0.0,0.0,0.0,6.2,8.1,5.0,21.7,41.0
2024-02-01,4.0,4.0,0.0,6.8,9.0,2.8,23.8,46.1
2024-02-02,0.0,0.0,0.0,6.3,9.2,2.5,24.5,47.5
2024-02-03,1.0,1.0,0.0,9.5,10.9,8.1,21.4,43.9
2024-02-04,2.9,2.9,0.0,10.1,10.8,9.7,27.1,52.6
2024-02-05,0.3,0.3,0.0,9.2,11.3,7.8,34.4,66.6
2024-02-06,1.8,1.8,0.0,9.6,10.9,8.4,31.2,63.4
2024-02-07,14.9,14.9,0.0,5.7,10.4,2.0,32.9,69.8
2024-02-08,13.1,13.1,0.0,4.0,11.1,0.4,21.3,41.0
2024-02-09,9.1,9.1,0.0,11.1,13.4,9.9,27.3,52.2
2024-02-10,2.9,2.9,0.0,9.9,12.9,7.4,16.2,31.0
2024-02-11,2.7,2.7,0.0,8.8,10.4,6.7,18.9,37.8
2024-02-12,1.4,1.4,0.0,6.1,9.1,3.2,16.6,34.2
2024-02-13,0.5,0.5,0.0,5.6,9.7,2.3,20.1,37.8
2024-02-14,6.2,6.2,0.0,10.4,12.3,8.4,23.6,47.9
2024-02-15,1.8,1.8,0.0,12.8,16.4,10.6,17.1,33.1
2024-02-16,2.5,2.5,0.0,11.9,14.4,8.8,21.5,42.5
2024-02-17,0.4,0.4,0.0,9.1,12.2,6.0,13.3,27.0
2024-02-18,8.7,8.7,0.0,9.0,10.9,7.8,31.0,57.2
2024-02-19,2.5,2.5,0.0,8.6,11.4,6.6,22.3,45.7
2024-02-20,1.3,1.3,0.0,7.4,11.1,5.2,22.8,49.0
2024-02-21,6.8,6.8,0.0,9.0,11.0,8.1,28.8,56.9
2024-02-22,6.0,6.0,0.0,10.6,14.1,7.2,38.3,76.7
2024-02-23,2.1,2.1,0.0,5.6,8.2,3.5,34.7,74.5
2024-02-24,0.1,0.1,0.0,4.9,7.1,3.0,22.4,47.9
2024-02-25,2.6,2.6,0.0,6.0,9.5,3.7,17.3,36.0
2024-02-26,17.9,17.9,0.0,5.1,5.6,4.4,25.3,47.9
2024-02-27,0.1,0.1,0.0,4.8,9.1,1.2,20.0,40.0
2024-02-28,0.0,0.0,0.0,4.2,9.4,-0.8,14.8,30.6
2024-02-29,2.9,2.9,0.0,7.6,9.8,4.3,19.8,39.6
2024-03-01,2.1,2.1,0.0,8.7,10.6,4.9,31.1,60.1
2024-03-02,0.2,0.2,0.0,9.6,13.1,4.9,26.3,51.5
2024-03-03,1.1,1.1,0.0,10.2,15.2,7.1,17.0,33.5
2024-03-04,0.0,0.0,0.0,7.3,11.1,4.2,17.1,34.2
2024-03-05,2.2,2.2,0.0,6.2,9.5,2.9,8.4,20.9
2024-03-06,0.0,0.0,0.0,5.5,11.6,-0.7,10.6,18.0
2024-03-07,0.0,0.0,0.0,6.0,9.7,2.8,21.5,43.6
2024-03-08,0.0,0.0,0.0,5.6,10.6,1.1,23.1,47.9
2024-03-09,0.4,0.4,0.0,9.0,14.5,4.7,19.5,39.6
2024-03-10,0.0,0.0,0.0,10.0,13.5,6.8,16.0,30.6
2024-03-11,28.2,28.2,0.0,7.6,8.5,7.1,13.6,25.9
2024-03-12,4.4,4.4,0.0,8.0,10.4,6.7,18.9,37.8
2024-03-13,2.0,2.0,0.0,10.7,13.1,7.8,20.2,40.3
2024-03-14,0.0,0.0,0.0,12.1,17.2,7.4,15.7,31.7
2024-03-15,4.2,4.2,0.0,12.6,14.8,10.6,26.4,55.8
2024-03-16,1.2,1.2,0.0,8.9,10.7,4.0,18.5,36.0
2024-03-17,0.9,0.9,0.0,9.7,14.6,4.2,13.1,27.4
2024-03-18,0.4,0.4,0.0,11.1,14.6,7.7,13.8,29.2
2024-03-19,0.0,0.0,0.0,10.9,16.8,5.9,14.0,31.3
2024-03-20,0.0,0.0,0.0,11.4,18.1,5.8,11.2,25.6
2024-03-21,0.1,0.1,0.0,10.0,12.5,7.7,13.9,31.0
2024-03-22,6.5,6.5,0.0,10.4,12.1,8.7,21.6,43.9
2024-03-23,7.3,7.9,0.42,6.4,8.6,4.2,24.8,57.2
2024-03-24,1.8,1.8,0.0,5.7,9.1,3.6,33.2,67.0
2024-03-25,0.0,0.0,0.0,6.8,12.0,1.4,15.6,29.2
2024-03-26,0.0,0.0,0.0,9.6,14.9,4.5,15.9,33.1
2024-03-27,2.2,2.2,0.0,9.5,12.0,6.9,18.8,38.5
2024-03-28,2.3,2.3,0.0,8.2,11.6,5.2,28.6,60.1
2024-03-29,3.7,3.7,0.0,10.9,14.6,7.3,24.8,49.0
2024-03-30,4.8,4.8,0.0,10.2,15.3,6.6,22.9,50.4
2024-03-31,4.5,4.5,0.0,10.7,17.2,5.9,13.7,32.0
2024-04-01,0.4,0.4,0.0,10.1,13.5,7.7,21.4,43.2
2024-04-02,1.7,1.7,0.0,9.4,11.5,7.4,27.9,55.1
2024-04-03,4.3,4.3,0.0,11.0,13.8,9.2,24.6,49.0
2024-04-04,9.1,9.1,0.0,12.1,15.1,8.8,32.0,67.0
2024-04-05,4.5,4.5,0.0,14.4,17.5,11.0,27.7,69.1
2024-04-06,0.0,0.0,0.0,18.3,25.2,12.4,22.0,45.0
2024-04-07,0.5,0.5,0.0,16.9,19.9,14.4,27.8,54.7
2024-04-08,7.1,7.1,0.0,15.6,20.1,10.7,12.2,24.5
2024-04-09,3.9,3.9,0.0,12.2,14.9,9.2,35.6,71.3
2024-04-10,0.1,0.1,0.0,10.2,14.2,6.2,16.6,33.1
2024-04-11,1.2,1.2,0.0,12.9,15.7,9.1,19.4,39.2
2024-04-12,0.0,0.0,0.0,16.0,20.3,12.5,22.3,46.4
2024-04-13,0.0,0.0,0.0,17.4,22.8,11.8,21.4,44.3
2024-04-14,0.0,0.0,0.0,13.0,16.7,10.4,20.0,38.2
2024-04-15,10.6,10.7,0.07,8.3,11.4,6.3,37.1,77.8
2024-04-16,11.7,12.0,0.21,7.2,10.7,4.5,33.0,70.2
2024-04-17,7.7,8.8,0.77,5.8,9.9,2.7,16.5,35.3
2024-04-18,0.3,0.3,0.0,6.6,11.1,2.0,18.0,37.1
2024-04-19,11.5,11.5,0.0,8.1,11.6,6.0,31.8,68.4
2024-04-20,3.8,3.8,0.0,7.0,10.4,5.1,24.0,48.2
2024-04-21,2.3,2.5,0.14,6.1,9.8,3.0,21.9,45.7
2024-04-22,3.1,4.1,0.7,5.2,9.5,1.2,16.3,34.9
2024-04-23,0.3,0.3,0.0,5.3,10.6,-0.5,19.5,38.9
2024-04-24,4.0,4.0,0.0,6.2,10.1,3.4,22.4,47.2
2024-04-25,1.0,1.0,0.0,6.2,9.6,1.9,21.8,43.6
2024-04-26,3.5,3.5,0.0,8.1,10.4,6.7,17.6,33.1
2024-04-27,2.5,2.5,0.0,11.4,16.6,5.8,18.1,41.8
2024-04-28,1.2,1.2,0.0,13.4,16.9,9.4,36.5,72.4
2024-04-29,0.1,0.1,0.0,12.9,19.0,7.0,16.3,34.6
2024-04-30,2.0,2.0,0.0,16.6,22.2,12.2,11.7,26.6
2024-05-01,1.3,1.3,0.0,18.5,24.6,12.4,15.3,31.7
2024-05-02,4.2,4.2,0.0,17.6,23.6,13.0,17.7,38.9
2024-05-03,7.2,7.2,0.0,11.8,13.9,9.5,23.7,46.8
2024-05-04,10.1,10.1,0.0,11.3,17.9,7.2,15.6,40.0
2024-05-05,1.8,1.8,0.0,12.0,16.7,7.6,14.7,30.6
2024-05-06,11.1,11.1,0.0,13.3,17.1,9.6,10.5,23.4
2024-05-07,12.7,12.7,0.0,14.7,18.9,11.6,16.3,34.2
2024-05-08,0.2,0.2,0.0,12.1,15.1,9.3,12.8,25.9
2024-05-09,0.0,0.0,0.0,13.4,19.5,6.7,8.6,20.9
2024-05-10,0.0,0.0,0.0,15.2,21.0,7.6,11.5,20.9
2024-05-11,0.0,0.0,0.0,17.4,23.0,11.4,15.7,29.5
2024-05-12,0.0,0.0,0.0,19.0,24.9,12.9,17.3,36.7
2024-05-13,0.6,0.6,0.0,18.7,22.7,13.9,15.1,32.4
2024-05-14,0.2,0.2,0.0,19.9,26.2,14.8,22.5,47.9
2024-05-15,7.9,7.9,0.0,15.7,18.1,13.4,10.7,23.8
2024-05-16,10.6,10.6,0.0,16.0,19.2,13.5,15.9,35.3
2024-05-17,7.5,7.5,0.0,14.9,19.1,12.0,20.9,40.3
2024-05-18,5.6,5.6,0.0,16.0,21.6,11.9,14.4,30.6
2024-05-19,6.5,6.5,0.0,15.7,21.0,11.5,12.9,38.5
2024-05-20,1.4,1.4,0.0,15.7,19.8,11.1,12.7,27.0
2024-05-21,12.8,12.8,0.0,16.5,23.0,12.1,14.1,33.1
2024-05-22,6.3,6.3,0.0,15.6,18.8,12.8,21.8,45.7
2024-05-23,1.0,1.0,0.0,15.4,19.2,11.2,19.8,40.0
2024-05-24,30.2,30.2,0.0,13.9,16.2,10.7,16.3,31.3
2024-05-25,1.8,1.8,0.0,14.8,17.8,12.8,16.4,33.1
2024-05-26,1.3,1.3,0.0,16.2,22.2,11.6,20.3,42.5
2024-05-27,3.3,3.3,0.0,14.8,18.8,12.4,13.5,31.7
2024-05-28,3.8,3.8,0.0,13.6,18.1,9.0,22.0,44.3
2024-05-29,9.3,9.3,0.0,15.7,18.3,14.3,22.8,47.9
2024-05-30,0.7,0.7,0.0,14.2,17.9,9.9,15.9,37.8
2024-05-31,2.8,2.8,0.0,14.9,18.5,10.9,13.9,29.2
2024-06-01,6.2,6.2,0.0,16.0,19.4,12.9,20.0,40.3
2024-06-02,0.6,0.6,0.0,15.2,17.8,12.9,17.4,37.1
2024-06-03,0.1,0.1,0.0,13.8,16.8,10.9,9.6,23.8
2024-06-04,0.0,0.0,0.0,16.5,20.4,12.2,16.6,37.1
2024-06-05,0.7,0.7,0.0,14.5,17.5,10.3,19.7,40.7
2024-06-06,0.0,0.0,0.0,12.9,17.1,7.6,14.1,30.2
2024-06-07,0.0,0.0,0.0,14.4,19.7,7.5,14.5,31.7
2024-06-08,0.1,0.1,0.0,14.0,18.3,9.1,19.6,40.0
2024-06-09,0.0,0.0,0.0,13.3,17.9,7.3,18.4,39.6
2024-06-10,10.4,10.4,0.0,11.4,13.4,9.6,41.3,81.4
2024-06-11,3.9,3.9,0.0,11.5,15.4,8.1,18.6,42.5
2024-06-12,0.7,0.7,0.0,11.4,14.6,7.8,17.4,37.1
2024-06-13,0.0,0.0,0.0,13.2,18.4,6.8,17.7,38.9
2024-06-14,2.1,2.1,0.0,15.7,18.8,12.8,25.8,51.5
2024-06-15,2.7,2.7,0.0,14.7,17.8,11.9,32.2,64.4
2024-06-16,16.0,16.0,0.0,14.4,17.4,12.0,22.6,51.5
2024-06-17,4.1,4.1,0.0,16.1,20.2,11.9,16.8,36.4
2024-06-18,20.8,20.8,0.0,15.8,18.9,11.6,12.0,25.2
2024-06-19,4.3,4.3,0.0,16.6,20.8,13.1,14.8,32.0
2024-06-20,3.0,3.0,0.0,16.1,20.0,11.4,16.1,34.9
2024-06-21,3.6,3.6,0.0,16.9,21.2,13.6,17.0,38.2
2024-06-22,0.1,0.1,0.0,16.0,20.0,12.6,18.0,37.1
2024-06-23,0.0,0.0,0.0,17.8,23.1,12.2,10.6,24.5
2024-06-24,0.0,0.0,0.0,19.5,25.4,12.3,7.6,15.5
2024-06-25,0.0,0.0,0.0,21.9,27.6,15.5,13.2,29.9
2024-06-26,0.0,0.0,0.0,23.5,29.2,16.6,8.9,22.7
2024-06-27,0.3,0.3,0.0,23.3,28.9,17.8,17.1,37.8
2024-06-28,0.0,0.0,0.0,18.1,21.4,13.6,19.4,41.8
2024-06-29,0.0,0.0,0.0,19.3,25.9,11.3,14.5,26.6
2024-06-30,9.9,9.9,0.0,18.6,21.6,16.1,17.2,37.4
2024-07-01,0.9,0.9,0.0,15.7,18.5,11.9,17.9,37.8
2024-07-02,3.4,3.4,0.0,14.7,16.4,12.8,16.1,33.1
2024-07-03,6.1,6.1,0.0,13.0,16.4,10.0,16.6,32.8
2024-07-04,4.0,4.0,0.0,16.0,18.9,13.8,22.7,48.2
2024-07-05,0.8,0.8,0.0,15.7,19.0,13.2,24.1,49.7
2024-07-06,0.1,0.1,0.0,18.0,20.6,14.3,33.9,67.7
2024-07-07,0.6,0.6,0.0,15.4,18.9,10.9,22.7,47.2
2024-07-08,0.7,0.7,0.0,16.8,21.0,12.4,13.0,30.2
2024-07-09,7.1,7.1,0.0,21.7,30.1,14.8,15.2,31.3
2024-07-10,1.7,1.7,0.0,20.2,24.0,16.6,18.3,41.8
2024-07-11,0.0,0.0,0.0,18.6,22.1,15.4,17.0,37.1
2024-07-12,30.5,30.5,0.0,15.0,16.6,13.7,25.4,51.5
2024-07-13,0.5,0.5,0.0,14.3,17.6,11.6,23.2,45.7
2024-07-14,0.4,0.4,0.0,16.3,21.1,10.9,20.6,42.1
2024-07-15,1.8,1.8,0.0,19.2,25.1,12.0,14.9,27.7
2024-07-16,4.3,4.3,0.0,18.2,21.1,15.8,24.0,51.8
2024-07-17,1.5,1.5,0.0,18.6,22.8,15.1,16.6,34.2
2024-07-18,0.0,0.0,0.0,20.4,26.6,13.1,9.0,20.9
2024-07-19,0.0,0.0,0.0,22.9,29.0,16.5,8.7,18.4
2024-07-20,1.7,1.7,0.0,23.1,30.5,16.6,18.2,36.7
2024-07-21,0.6,0.6,0.0,21.9,25.7,19.0,15.2,31.7
2024-07-22,0.1,0.1,0.0,19.7,23.0,16.0,16.9,36.7
2024-07-23,15.4,15.4,0.0,19.3,22.7,15.7,20.9,43.6
2024-07-24,0.2,0.2,0.0,17.8,22.0,14.1,12.2,27.4
2024-07-25,0.0,0.0,0.0,19.7,25.4,13.2,15.3,32.8
2024-07-26,4.5,4.5,0.0,20.1,23.8,18.2,17.4,36.7
2024-07-27,1.5,1.5,0.0,18.5,21.6,14.8,12.9,24.8
2024-07-28,0.0,0.0,0.0,18.7,23.0,14.2,12.4,25.9
2024-07-29,0.0,0.0,0.0,20.3,26.4,13.4,11.8,28.1
2024-07-30,0.0,0.0,0.0,23.3,29.9,15.6,9.1,18.0
2024-07-31,2.3,2.3,0.0,21.3,25.2,18.2,10.3,19.8
2024-08-01,4.2,4.2,0.0,20.5,24.9,17.9,12.8,27.4
2024-08-02,0.1,0.1,0.0,20.3,25.8,15.0,6.7,14.8
2024-08-03,1.0,1.0,0.0,20.1,23.4,17.1,18.1,36.4
2024-08-04,3.9,3.9,0.0,18.7,20.3,17.1,15.6,28.4
2024-08-05,0.0,0.0,0.0,19.5,23.8,15.6,11.2,27.7
2024-08-06,0.0,0.0,0.0,21.9,28.4,14.6,12.2,26.3
2024-08-07,2.6,2.6,0.0,19.4,22.5,17.1,14.8,31.7
2024-08-08,0.4,0.4,0.0,19.2,22.9,15.9,14.4,31.7
2024-08-09,1.5,1.5,0.0,21.1,23.7,17.9,28.2,57.2
2024-08-10,0.0,0.0,0.0,19.6,24.5,14.2,15.3,34.2
2024-08-11,0.0,0.0,0.0,21.5,27.1,15.5,10.5,23.4
2024-08-12,0.0,0.0,0.0,24.8,32.4,17.8,11.9,26.6
2024-08-13,3.1,3.1,0.0,25.3,32.2,20.8,16.0,31.7
2024-08-14,5.3,5.3,0.0,20.7,25.1,18.3,14.2,28.1
2024-08-15,0.0,0.0,0.0,20.8,26.0,16.6,20.7,42.1
2024-08-16,4.0,4.0,0.0,19.8,21.8,18.0,18.4,38.2
2024-08-17,2.6,2.6,0.0,20.6,24.2,18.4,10.2,22.0
2024-08-18,5.2,5.2,0.0,19.6,23.6,16.8,16.7,34.6
2024-08-19,0.0,0.0,0.0,17.8,22.8,11.6,9.4,21.6
2024-08-20,8.6,8.6,0.0,19.4,25.1,14.4,19.7,39.6
2024-08-21,1.0,1.0,0.0,16.8,19.6,13.5,22.1,45.7
2024-08-22,0.0,0.0,0.0,18.3,23.2,13.1,24.7,51.1
2024-08-23,1.5,1.5,0.0,20.1,22.4,18.5,35.2,68.8
2024-08-24,9.4,9.4,0.0,21.7,28.3,17.5,30.5,61.6
2024-08-25,0.0,0.0,0.0,16.6,20.0,13.2,23.2,43.6
2024-08-26,0.2,0.2,0.0,16.8,21.1,12.4,17.7,38.5
2024-08-27,0.0,0.0,0.0,18.1,24.8,10.4,9.4,20.9
2024-08-28,0.0,0.0,0.0,21.3,29.1,13.6,12.6,27.0
2024-08-29,0.0,0.0,0.0,22.0,27.0,17.8,18.0,37.4
2024-08-30,5.5,5.5,0.0,17.9,20.7,15.8,15.4,31.7
2024-08-31,1.5,1.5,0.0,19.5,24.5,15.0,18.6,39.2
2024-09-01,0.0,0.0,0.0,23.2,30.5,16.9,15.3,31.3
2024-09-02,2.6,2.6,0.0,22.4,29.1,18.9,13.3,31.0
2024-09-03,2.8,2.8,0.0,20.8,25.4,17.5,12.5,31.0
2024-09-04,2.5,2.5,0.0,18.7,21.9,16.2,7.8,18.0
2024-09-05,12.8,12.8,0.0,20.0,27.1,14.4,19.4,52.6
2024-09-06,1.7,1.7,0.0,19.3,23.0,16.8,11.6,25.6
2024-09-07,0.0,0.0,0.0,20.2,27.0,14.1,15.9,28.8
2024-09-08,6.0,6.0,0.0,19.1,21.9,15.6,20.7,43.2
2024-09-09,0.8,0.8,0.0,16.7,19.6,14.6,18.9,40.0
2024-09-10,3.9,3.9,0.0,15.0,17.3,12.1,30.4,61.6
2024-09-11,11.8,11.8,0.0,12.4,14.9,8.6,27.1,54.7
2024-09-12,3.7,3.7,0.0,10.1,14.6,6.9,14.3,35.6
2024-09-13,1.0,1.0,0.0,10.9,16.0,6.4,17.4,36.7
2024-09-14,0.0,0.0,0.0,11.2,16.4,6.6,11.4,25.2
2024-09-15,0.0,0.0,0.0,12.7,18.1,7.7,9.6,21.2
2024-09-16,0.1,0.1,0.0,14.7,19.4,9.4,15.9,30.6
2024-09-17,0.0,0.0,0.0,16.0,20.2,12.3,23.3,47.2
2024-09-18,0.0,0.0,0.0,17.4,22.0,13.2,19.6,38.9
2024-09-19,0.5,0.5,0.0,18.2,23.4,14.3,18.4,43.2
2024-09-20,0.0,0.0,0.0,17.7,22.9,13.1,16.3,34.2
2024-09-21,0.0,0.0,0.0,17.8,24.3,12.2,10.7,21.6
2024-09-22,0.9,0.9,0.0,17.2,23.0,12.6,7.9,18.7
2024-09-23,0.5,0.5,0.0,17.1,20.8,14.2,17.6,36.4
2024-09-24,3.3,3.3,0.0,15.0,18.8,12.1,19.9,40.3
2024-09-25,5.4,5.4,0.0,14.5,17.9,13.1,17.8,38.5
2024-09-26,16.8,16.8,0.0,16.0,19.6,14.1,29.9,59.8
2024-09-27,3.6,3.6,0.0,13.1,15.4,11.2,35.6,72.7
2024-09-28,1.7,1.7,0.0,10.4,13.0,7.5,18.0,39.6
2024-09-29,0.0,0.0,0.0,9.5,14.1,4.3,14.8,29.9
2024-09-30,4.4,4.4,0.0,12.1,15.4,7.9,23.1,44.3
2024-10-01,2.5,2.5,0.0,13.2,15.4,10.0,31.0,59.4
2024-10-02,0.4,0.4,0.0,10.1,13.3,6.2,16.5,30.6
2024-10-03,0.0,0.0,0.0,10.2,13.8,6.1,18.3,39.6
2024-10-04,0.0,0.0,0.0,9.6,14.6,5.2,10.2,24.5
2024-10-05,0.0,0.0,0.0,8.8,15.2,3.0,12.3,23.8
2024-10-06,0.0,0.0,0.0,11.0,16.5,6.4,18.5,37.8
2024-10-07,1.4,1.4,0.0,15.7,18.8,13.7,18.0,34.9
2024-10-08,9.1,9.1,0.0,16.2,18.3,14.4,18.7,40.0
2024-10-09,19.2,19.2,0.0,14.1,16.0,13.1,19.0,40.3
2024-10-10,8.1,8.1,0.0,12.6,14.3,10.0,20.0,40.7
2024-10-11,0.1,0.1,0.0,9.4,12.9,5.3,9.7,21.6
2024-10-12,0.0,0.0,0.0,8.7,12.5,4.8,18.4,34.2
2024-10-13,0.7,0.7,0.0,9.9,11.9,6.7,24.8,52.6
2024-10-14,7.9,7.9,0.0,7.3,9.3,5.2,11.6,23.4
2024-10-15,0.0,0.0,0.0,9.4,14.6,5.1,17.7,34.9
2024-10-16,0.0,0.0,0.0,16.1,22.8,11.3,20.3,37.8
2024-10-17,1.3,1.3,0.0,17.4,19.8,14.9,19.7,41.0
2024-10-18,3.1,3.1,0.0,15.5,18.1,13.0,7.8,17.3
2024-10-19,3.5,3.5,0.0,14.7,17.0,13.3,19.0,39.6
2024-10-20,0.1,0.1,0.0,15.3,17.6,12.5,29.5,58.7
2024-10-21,11.0,11.0,0.0,14.6,18.1,12.4,23.3,45.0
2024-10-22,1.5,1.5,0.0,11.9,15.4,9.1,19.6,38.5
2024-10-23,0.0,0.0,0.0,11.2,16.0,7.8,9.6,18.7
2024-10-24,0.0,0.0,0.0,10.7,15.4,6.5,13.2,27.4
2024-10-25,20.2,20.2,0.0,14.1,19.5,10.4,15.9,32.0
2024-10-26,0.0,0.0,0.0,14.0,20.7,10.4,11.1,20.2
2024-10-27,0.3,0.3,0.0,13.3,16.9,8.4,11.3,21.6
2024-10-28,0.0,0.0,0.0,12.3,15.8,6.7,22.0,43.6
2024-10-29,4.6,4.6,0.0,12.9,14.2,12.0,15.2,29.5
2024-10-30,0.1,0.1,0.0,12.7,14.1,11.4,8.4,15.5
2024-10-31,0.0,0.0,0.0,10.4,14.9,7.1,7.5,13.3
2024-11-01,0.0,0.0,0.0,9.1,11.6,6.3,12.4,25.2
2024-11-02,0.4,0.4,0.0,10.9,13.1,9.4,12.9,25.9
2024-11-03,0.0,0.0,0.0,7.6,12.6,3.2,9.7,18.4
2024-11-04,0.0,0.0,0.0,7.5,13.3,3.8,12.3,25.2
2024-11-05,0.0,0.0,0.0,6.5,11.4,1.6,9.5,19.1
2024-11-06,0.0,0.0,0.0,7.9,9.2,6.8,7.0,16.6
2024-11-07,0.0,0.0,0.0,6.6,8.2,4.1,11.7,25.6
2024-11-08,0.0,0.0,0.0,5.1,6.7,3.0,12.3,25.6
2024-11-09,0.2,0.2,0.0,7.6,9.8,5.7,7.2,15.5
2024-11-10,0.0,0.0,0.0,9.2,10.9,7.9,7.2,12.2
2024-11-11,3.5,3.5,0.0,9.2,12.1,6.1,19.7,37.8
2024-11-12,0.9,0.9,0.0,8.2,10.7,5.3,25.9,47.2
2024-11-13,0.0,0.0,0.0,7.0,10.6,3.5,11.1,23.8
2024-11-14,0.4,0.4,0.0,9.4,11.6,7.2,12.3,26.6
2024-11-15,0.3,0.3,0.0,8.3,10.4,6.6,8.2,15.5
2024-11-16,0.0,0.0,0.0,7.7,9.4,6.7,17.4,34.2
2024-11-17,3.7,3.7,0.0,7.8,9.8,5.2,21.1,45.7
2024-11-18,3.8,3.9,0.07,5.7,8.0,4.3,17.1,32.8
2024-11-19,19.8,19.8,0.0,6.2,10.6,2.3,33.3,67.3
2024-11-20,2.5,6.6,2.87,2.4,3.8,1.5,25.7,49.7
2024-11-21,0.7,2.3,1.12,0.7,2.7,-1.5,18.5,39.6
2024-11-22,0.7,3.4,1.89,1.5,4.5,-1.5,26.8,60.5
2024-11-23,4.4,4.4,0.0,3.7,8.5,0.1,27.7,52.6
2024-11-24,3.9,3.9,0.0,14.1,17.6,8.8,29.8,60.1
2024-11-25,5.4,5.4,0.0,13.4,16.8,8.6,27.9,57.6
2024-11-26,0.9,0.9,0.0,7.8,10.8,5.7,18.5,43.6
2024-11-27,5.3,5.3,0.0,8.1,12.0,4.8,31.4,61.2
2024-11-28,0.4,0.4,0.0,6.2,9.5,2.1,21.8,46.4
2024-11-29,0.0,0.0,0.0,2.0,7.8,-1.6,10.9,19.1
2024-11-30,0.0,0.0,0.0,2.1,7.1,-1.2,10.5,19.1
2024-12-01,0.4,0.4,0.0,4.7,8.4,0.4,18.1,34.2
2024-12-02,1.0,1.0,0.0,9.4,11.6,6.9,21.5,42.5
2024-12-03,0.4,0.4,0.0,5.6,7.6,1.9,15.3,30.2
2024-12-04,0.1,0.1,0.0,3.6,5.7,1.7,10.1,20.5
2024-12-05,10.7,10.7,0.0,5.6,9.1,2.5,27.9,55.4
2024-12-06,9.3,9.3,0.0,8.2,10.8,4.7,38.6,82.4
2024-12-07,5.3,5.3,0.0,7.7,10.6,4.4,29.3,59.0
2024-12-08,0.7,0.7,0.0,6.2,7.8,4.0,20.5,43.6
2024-12-09,1.1,1.1,0.0,5.5,6.2,4.8,21.6,43.9
2024-12-10,0.1,0.1,0.0,5.3,5.8,4.8,18.7,40.0
2024-12-11,0.0,0.0,0.0,3.7,4.6,1.6,13.5,30.2
2024-12-12,0.1,0.1,0.0,3.0,4.2,1.9,7.6,14.0
2024-12-13,0.0,0.0,0.0,0.4,2.8,-2.0,8.0,16.9
2024-12-14,0.4,0.4,0.0,2.6,4.9,-0.3,16.7,34.9
2024-12-15,0.1,0.1,0.0,6.1,9.8,2.5,20.2,40.0
2024-12-16,0.3,0.3,0.0,10.2,10.9,8.8,22.4,49.7
2024-12-17,0.4,0.4,0.0,8.2,9.9,7.0,18.9,38.2
2024-12-18,1.0,1.0,0.0,10.3,12.9,6.2,29.0,59.4
2024-12-19,9.3,12.2,2.03,8.5,12.9,2.8,32.8,72.7
2024-12-20,0.1,0.1,0.0,4.2,6.7,2.2,20.5,41.4
2024-12-21,5.7,5.7,0.0,7.5,9.2,6.6,28.4,56.5
2024-12-22,4.8,4.8,0.0,5.0,9.3,2.3,24.5,56.2
2024-12-23,4.5,7.7,2.24,5.0,8.1,1.1,22.4,46.1
2024-12-24,1.8,1.8,0.0,4.1,6.6,1.7,14.2,27.4
2024-12-25,0.2,0.2,0.0,7.9,8.9,6.8,12.0,22.3
2024-12-26,0.0,0.0,0.0,6.5,9.0,2.5,5.8,14.0
2024-12-27,0.0,0.0,0.0,1.2,2.8,0.1,5.8,11.2
2024-12-28,0.0,0.0,0.0,-0.6,1.5,-2.0,8.3,14.8
2024-12-29,0.0,0.0,0.0,1.7,3.2,0.4,13.2,25.9
2024-12-30,0.0,0.0,0.0,4.3,6.2,2.8,16.9,35.3
2024-12-31,0.0,0.0,0.0,2.7,5.4,0.8,25.7,51.1
2025-01-01,7.2,7.2,0.0,6.8,8.7,4.8,34.4,74.5
2025-01-02,8.8,8.8,0.0,3.3,5.3,0.3,17.2,36.0
2025-01-03,2.0,2.7,0.49,1.3,3.4,-0.1,19.1,39.6
2025-01-04,0.3,0.6,0.21,0.7,2.7,-0.3,12.5,26.3
2025-01-05,15.7,19.1,2.38,5.4,11.4,0.3,28.4,54.7
2025-01-06,7.1,7.1,0.0,9.6,12.4,5.2,37.8,81.4
2025-01-07,1.5,2.2,0.49,3.2,5.1,1.9,24.6,49.0
2025-01-08,2.2,5.7,2.45,2.0,4.1,-0.2,18.5,37.1
2025-01-09,0.7,7.6,4.83,0.8,2.2,-0.4,16.7,31.3
2025-01-10,0.0,2.2,1.54,0.3,3.3,-1.2,19.2,39.2
2025-01-11,0.1,0.1,0.0,-0.6,2.6,-3.4,11.0,21.2
2025-01-12,0.0,0.0,0.0,1.3,4.9,-1.1,8.7,19.1
2025-01-13,0.1,0.1,0.0,-1.1,2.8,-5.6,7.8,18.0
2025-01-14,0.0,0.0,0.0,-1.1,3.2,-6.2,12.2,23.8
2025-01-15,0.6,0.6,0.0,4.6,6.3,3.3,9.3,19.1
2025-01-16,0.0,0.0,0.0,2.4,4.4,-2.2,9.4,21.2
2025-01-17,0.0,0.0,0.0,-1.4,0.4,-3.0,5.9,13.0
2025-01-18,0.0,0.0,0.0,-0.4,3.7,-2.5,9.4,21.2
2025-01-19,0.0,0.0,0.0,-1.2,0.1,-3.3,5.5,12.6
2025-01-20,0.0,0.0,0.0,-1.3,0.7,-3.1,6.4,17.3
2025-01-21,0.0,0.0,0.0,-0.4,2.7,-3.1,9.3,19.4
2025-01-22,5.4,5.4,0.0,2.1,5.6,-1.0,10.2,20.2
2025-01-23,9.0,9.1,0.07,4.5,6.8,1.2,24.5,49.0
2025-01-24,6.0,6.0,0.0,7.2,8.4,5.1,30.5,58.0
2025-01-25,13.6,13.6,0.0,7.4,9.7,4.7,23.9,46.1
2025-01-26,5.4,5.5,0.07,4.0,8.1,1.9,24.1,47.2
2025-01-27,5.9,5.9,0.0,9.6,11.8,7.2,32.1,69.8
2025-01-28,0.8,0.8,0.0,7.9,9.4,6.9,23.9,61.2
2025-01-29,3.9,3.9,0.0,7.2,9.4,5.8,25.7,50.8
2025-01-30,6.9,6.9,0.0,5.2,6.2,1.9,12.7,24.5
2025-01-31,0.0,0.0,0.0,1.9,6.7,-0.4,10.9,22.0
2025-02-01,0.0,0.0,0.0,0.4,5.4,-2.8,9.0,20.5
2025-02-02,0.0,0.0,0.0,-0.8,4.7,-4.1,6.6,14.8
2025-02-03,0.0,0.0,0.0,-0.2,6.0,-3.3,8.4,20.9
2025-02-04,0.0,0.0,0.0,1.6,5.3,-0.7,14.7,30.2
2025-02-05,0.0,0.0,0.0,3.1,7.2,-0.2,14.3,27.7
2025-02-06,0.1,0.1,0.0,3.2,6.1,0.6,16.2,34.6
2025-02-07,0.1,0.1,0.0,3.6,5.3,1.9,25.0,54.0
2025-02-08,0.0,0.0,0.0,5.1,9.9,2.2,16.7,33.8
2025-02-09,0.0,0.0,0.0,3.2,6.1,0.7,9.4,17.6
2025-02-10,2.7,2.9,0.14,1.6,4.0,-0.4,20.6,42.5
2025-02-11,7.1,7.8,0.49,3.7,5.2,2.1,20.2,39.2
2025-02-12,0.4,0.4,0.0,3.7,6.4,2.0,10.2,23.8
2025-02-13,0.9,1.2,0.21,0.9,2.0,-0.6,12.7,27.7
2025-02-14,0.0,0.1,0.07,0.2,3.3,-3.7,9.4,21.2
2025-02-15,0.0,0.0,0.0,0.7,3.3,-1.1,9.2,21.6
2025-02-16,0.0,0.9,0.63,0.4,3.8,-2.0,18.9,41.0
2025-02-17,0.0,0.0,0.0,-1.3,3.8,-4.2,12.3,27.4
2025-02-18,0.0,0.0,0.0,-0.9,3.7,-4.2,16.2,35.6
2025-02-19,0.0,0.0,0.0,1.2,5.3,-1.5,17.0,32.8
2025-02-20,0.1,0.1,0.0,7.0,12.8,1.1,16.4,34.6
2025-02-21,0.0,0.0,0.0,13.2,18.3,9.8,17.7,36.7
2025-02-22,3.2,3.2,0.0,10.9,13.6,8.8,20.4,43.6
2025-02-23,0.0,0.0,0.0,9.7,14.6,5.2,18.7,41.4
2025-02-24,0.5,0.5,0.0,11.3,13.7,8.7,21.3,44.3
2025-02-25,2.4,2.4,0.0,8.6,12.9,5.6,12.6,26.3
2025-02-26,9.2,9.2,0.0,7.4,10.7,4.4,22.4,42.1
2025-02-27,5.3,5.3,0.0,5.5,8.1,3.0,23.4,46.1
2025-02-28,1.6,1.6,0.0,4.6,7.9,1.5,15.1,31.3
2025-03-01,0.0,0.0,0.0,2.8,6.4,0.2,10.7,22.7
2025-03-02,0.0,0.0,0.0,2.3,8.9,-2.8,7.1,17.6
2025-03-03,0.0,0.0,0.0,2.9,10.6,-3.2,5.7,12.2
2025-03-04,0.0,0.0,0.0,3.6,12.1,-2.4,7.6,13.7
2025-03-05,0.0,0.0,0.0,5.6,15.1,-1.6,11.0,22.0
2025-03-06,0.0,0.0,0.0,8.6,17.4,2.4,12.3,26.3
2025-03-07,0.0,0.0,0.0,10.5,17.7,4.9,11.7,25.2
2025-03-08,0.0,0.0,0.0,9.7,18.6,3.3,13.2,28.4
2025-03-09,0.0,0.0,0.0,9.9,18.4,3.5,10.1,23.0
2025-03-10,0.0,0.0,0.0,8.9,17.2,2.1,7.9,20.9
2025-03-11,0.2,0.2,0.0,4.9,7.5,1.9,12.0,27.0
2025-03-12,1.8,1.9,0.07,3.0,8.2,-1.2,11.8,26.6
2025-03-13,0.9,0.9,0.0,2.4,7.7,-2.0,10.0,23.4
2025-03-14,0.2,0.2,0.0,2.9,7.3,-1.8,11.6,25.2
2025-03-15,0.1,0.1,0.0,2.7,7.1,-1.3,19.5,41.8
2025-03-16,0.0,0.0,0.0,4.1,9.6,-1.1,16.6,33.5
2025-03-17,0.1,0.1,0.0,5.3,9.9,1.4,19.9,42.8
2025-03-18,0.0,0.0,0.0,4.4,10.6,-1.0,17.2,38.2
2025-03-19,0.0,0.0,0.0,7.4,17.4,-0.7,10.6,20.2
2025-03-20,0.0,0.0,0.0,10.8,18.4,3.8,10.5,17.6
2025-03-21,0.0,0.0,0.0,13.1,21.4,5.1,21.5,43.9
2025-03-22,0.4,0.4,0.0,14.3,17.3,11.1,17.0,34.9
2025-03-23,0.3,0.3,0.0,12.3,17.4,8.5,13.2,29.9
2025-03-24,0.2,0.2,0.0,10.6,16.2,5.8,13.9,30.6
2025-03-25,0.4,0.4,0.0,8.9,15.1,3.8,16.3,36.7
2025-03-26,0.5,0.5,0.0,8.7,11.4,5.4,12.8,28.1
2025-03-27,0.0,0.0,0.0,7.8,15.8,0.4,6.5,13.3
2025-03-28,0.8,0.8,0.0,8.3,14.2,2.0,11.6,29.9
2025-03-29,0.2,0.2,0.0,9.0,13.1,5.2,13.7,32.0
2025-03-30,0.3,0.3,0.0,9.6,13.1,5.4,27.7,56.9
2025-03-31,0.0,0.0,0.0,8.8,12.9,5.3,16.2,32.4
2025-04-01,0.0,0.0,0.0,8.2,13.8,2.5,22.5,50.0
2025-04-02,0.0,0.0,0.0,11.3,17.6,5.6,24.5,51.5
2025-04-03,0.0,0.0,0.0,13.7,19.9,8.7,18.0,40.0
2025-04-04,0.0,0.0,0.0,14.2,21.9,5.8,12.1,29.9
2025-04-05,0.0,0.0,0.0,12.0,16.9,6.8,18.8,39.2
2025-04-06,0.0,0.0,0.0,8.5,12.7,5.0,19.4,41.8
2025-04-07,0.0,0.0,0.0,7.4,13.1,1.0,10.8,27.4
2025-04-08,0.0,0.0,0.0,9.3,16.5,1.1,10.1,22.3
2025-04-09,0.0,0.0,0.0,8.8,14.3,3.9,16.1,32.4
2025-04-10,0.0,0.0,0.0,9.7,14.1,6.4,11.2,27.7
2025-04-11,0.0,0.0,0.0,10.2,18.6,1.5,9.1,23.8
2025-04-12,0.0,0.0,0.0,14.5,23.0,5.4,20.2,41.8
2025-04-13,1.9,1.9,0.0,15.0,18.4,11.4,24.2,51.1
2025-04-14,0.3,0.3,0.0,13.3,18.9,7.8,12.4,24.5
2025-04-15,2.1,2.1,0.0,14.4,20.4,10.1,16.9,39.6
2025-04-16,2.8,2.8,0.0,10.9,12.7,9.2,11.5,24.1
2025-04-17,8.6,8.6,0.0,8.6,10.4,7.7,11.7,23.0
2025-04-18,1.2,1.2,0.0,9.7,14.6,6.8,9.6,18.0
2025-04-19,0.0,0.0,0.0,10.0,15.9,3.3,12.8,29.5
2025-04-20,9.9,9.9,0.0,11.4,19.0,5.0,11.7,23.4
2025-04-21,1.7,1.7,0.0,12.0,16.2,6.9,10.4,25.6
2025-04-22,0.6,0.6,0.0,12.9,17.9,9.1,12.5,29.5
2025-04-23,3.0,3.0,0.0,11.6,15.1,9.4,10.6,22.3
2025-04-24,13.0,13.0,0.0,10.8,12.4,9.1,13.0,27.4
2025-04-25,0.1,0.1,0.0,10.8,16.5,7.6,13.8,29.2
2025-04-26,0.0,0.0,0.0,11.8,18.1,5.1,13.1,31.3
2025-04-27,0.0,0.0,0.0,13.6,20.0,6.9,10.1,24.8
2025-04-28,0.0,0.0,0.0,13.9,20.8,6.7,9.1,22.0
2025-04-29,0.0,0.0,0.0,15.0,22.3,7.2,10.8,25.6
2025-04-30,0.0,0.0,0.0,17.4,25.0,9.8,9.1,21.2
2025-05-01,0.0,0.0,0.0,19.9,28.6,9.7,12.1,27.0
2025-05-02,0.1,0.1,0.0,21.0,27.5,13.4,17.8,40.0
2025-05-03,0.1,0.1,0.0,15.2,21.1,10.8,19.6,41.4
2025-05-04,1.1,1.1,0.0,10.7,15.4,6.7,17.2,39.2
2025-05-05,0.2,0.2,0.0,9.6,14.3,3.5,17.8,38.9
2025-05-06,0.0,0.0,0.0,10.5,16.0,4.8,17.5,40.3
2025-05-07,0.1,0.1,0.0,11.3,16.1,5.8,14.8,33.1
2025-05-08,0.0,0.0,0.0,13.8,18.2,8.5,20.9,46.8
2025-05-09,0.0,0.0,0.0,13.9,21.4,6.1,24.6,53.3
2025-05-10,0.0,0.0,0.0,15.5,22.5,6.9,14.6,36.4
2025-05-11,0.0,0.0,0.0,17.8,24.6,9.6,17.2,39.6
2025-05-12,0.0,0.0,0.0,19.0,24.8,12.8,20.5,44.6
2025-05-13,0.0,0.0,0.0,17.8,23.1,11.6,13.7,31.0
2025-05-14,0.0,0.0,0.0,16.4,22.5,9.1,17.2,35.6
2025-05-15,0.0,0.0,0.0,14.7,20.5,9.4,17.3,40.7
2025-05-16,0.0,0.0,0.0,12.9,19.0,6.2,17.3,38.9
2025-05-17,0.0,0.0,0.0,14.0,19.0,8.2,19.5,41.0
2025-05-18,0.6,0.6,0.0,14.0,18.2,10.2,10.5,22.0
2025-05-19,0.0,0.0,0.0,15.8,21.8,8.1,12.5,31.7
2025-05-20,0.0,0.0,0.0,16.7,22.4,9.2,15.7,33.8
2025-05-21,0.3,0.3,0.0,13.8,19.5,7.0,16.3,36.0
2025-05-22,0.3,0.3,0.0,11.6,15.8,7.5,19.9,45.0
2025-05-23,1.2,1.2,0.0,10.6,15.3,5.4,20.5,43.9
2025-05-24,7.1,7.1,0.0,10.9,14.6,7.2,21.4,41.4
2025-05-25,2.5,2.5,0.0,16.4,20.5,14.4,26.4,55.8
2025-05-26,0.4,0.4,0.0,15.3,18.3,11.4,20.7,44.3
2025-05-27,10.1,10.1,0.0,14.6,18.3,12.6,29.1,59.0
2025-05-28,3.7,3.7,0.0,15.7,19.0,11.4,25.4,57.2
2025-05-29,0.9,0.9,0.0,14.3,19.2,8.8,25.0,52.9
2025-05-30,0.0,0.0,0.0,19.2,25.3,13.9,19.0,40.7
2025-05-31,3.2,3.2,0.0,19.9,26.1,13.5,15.1,38.5
2025-06-01,0.0,0.0,0.0,17.9,20.5,15.1,19.6,41.8
2025-06-02,1.7,1.7,0.0,15.3,19.5,10.4,16.4,38.9
2025-06-03,0.0,0.0,0.0,17.3,23.8,9.4,23.8,51.1
2025-06-04,1.8,1.8,0.0,16.5,18.8,14.4,16.4,41.0
2025-06-05,2.8,2.8,0.0,15.3,19.0,11.6,28.4,58.0
2025-06-06,6.7,6.7,0.0,16.3,19.9,13.1,24.2,50.0
2025-06-07,12.7,12.7,0.0,14.4,17.9,12.0,26.4,50.8
2025-06-08,2.0,2.0,0.0,13.5,15.6,10.9,28.5,62.3
2025-06-09,0.3,0.3,0.0,14.5,19.1,9.4,15.2,33.8
2025-06-10,0.8,0.8,0.0,15.4,18.8,12.2,25.4,52.2
2025-06-11,0.0,0.0,0.0,14.9,20.8,7.8,13.4,28.1
2025-06-12,0.0,0.0,0.0,20.8,28.5,12.4,20.2,45.7
2025-06-13,0.0,0.0,0.0,26.9,33.7,18.9,15.7,33.5
2025-06-14,1.7,1.7,0.0,25.6,32.6,21.4,20.2,50.4
2025-06-15,1.9,1.9,0.0,19.2,23.0,15.5,18.0,40.3
2025-06-16,0.0,0.0,0.0,19.2,25.7,13.0,14.5,33.8
2025-06-17,0.0,0.0,0.0,20.6,27.9,11.5,13.5,36.4
2025-06-18,0.0,0.0,0.0,21.4,28.5,13.4,18.9,41.8
2025-06-19,0.0,0.0,0.0,20.5,26.1,13.5,14.5,33.8
2025-06-20,0.0,0.0,0.0,20.5,26.2,13.4,14.2,34.2
2025-06-21,0.0,0.0,0.0,23.9,31.2,14.2,11.6,30.2
2025-06-22,0.7,0.7,0.0,25.2,32.1,19.0,21.4,46.1
2025-06-23,1.0,1.0,0.0,19.9,21.9,16.9,27.7,67.3
2025-06-24,1.3,1.3,0.0,18.8,22.8,13.1,29.9,60.8
2025-06-25,0.0,0.0,0.0,23.6,29.1,16.6,18.2,40.3
2025-06-26,9.7,9.7,0.0,21.3,24.4,18.7,27.2,56.5
2025-06-27,3.2,3.2,0.0,19.0,22.9,14.4,16.9,34.9
2025-06-28,0.0,0.0,0.0,21.9,26.2,17.8,19.0,39.6
2025-06-29,0.0,0.0,0.0,23.8,30.0,17.5,16.0,34.2
2025-06-30,0.0,0.0,0.0,25.1,32.0,16.9,10.5,27.0
2025-07-01,0.0,0.0,0.0,29.3,37.5,19.2,12.6,29.2
2025-07-02,8.9,8.9,0.0,26.8,36.0,18.9,21.3,55.4
2025-07-03,0.4,0.4,0.0,19.0,23.4,13.8,15.3,32.0
2025-07-04,0.0,0.0,0.0,19.1,25.8,10.8,10.8,27.4
2025-07-05,3.3,3.3,0.0,19.9,25.5,14.9,20.4,45.0
2025-07-06,4.4,4.4,0.0,17.6,19.9,15.1,19.0,40.3
2025-07-07,1.8,1.8,0.0,16.3,19.2,13.8,21.8,44.6
2025-07-08,3.8,3.8,0.0,15.0,19.9,11.4,21.7,46.1
2025-07-09,0.0,0.0,0.0,17.6,23.9,11.6,12.4,29.9
2025-07-10,0.0,0.0,0.0,19.8,25.6,11.6,15.3,36.0
2025-07-11,0.0,0.0,0.0,20.4,25.5,14.2,14.3,34.6
2025-07-12,0.0,0.0,0.0,21.0,27.1,13.6,17.1,37.8
2025-07-13,0.3,0.3,0.0,20.7,25.2,15.5,10.3,24.5
2025-07-14,1.3,1.3,0.0,20.9,26.0,14.1,18.2,41.4
2025-07-15,0.4,0.4,0.0,20.0,23.5,16.2,18.8,41.0
2025-07-16,1.3,1.3,0.0,18.1,21.7,15.1,23.1,51.8
2025-07-17,0.0,0.0,0.0,18.9,24.8,12.1,10.3,26.6
2025-07-18,0.0,0.0,0.0,21.5,29.0,12.8,12.3,29.5
2025-07-19,1.1,1.1,0.0,24.0,32.3,16.9,18.9,41.8
2025-07-20,5.5,5.5,0.0,21.4,27.5,18.0,20.1,42.5
2025-07-21,7.8,7.8,0.0,19.4,24.5,15.8,18.9,50.4
2025-07-22,3.9,3.9,0.0,18.6,22.7,14.6,19.0,41.4
2025-07-23,1.8,1.8,0.0,18.7,22.0,14.9,14.4,32.4
2025-07-24,0.7,0.7,0.0,19.4,25.0,14.0,11.6,25.2
2025-07-25,2.4,2.4,0.0,19.3,23.4,13.8,13.6,29.9
2025-07-26,0.2,0.2,0.0,20.2,26.2,13.4,16.3,36.0
2025-07-27,3.8,3.8,0.0,18.4,21.4,15.9,16.4,34.9
2025-07-28,0.8,0.8,0.0,17.3,20.9,12.9,18.0,38.9
2025-07-29,5.7,5.7,0.0,17.2,21.5,13.3,11.9,30.2
2025-07-30,1.0,1.0,0.0,17.7,22.6,13.4,17.8,40.3
2025-07-31,4.9,4.9,0.0,18.3,23.2,15.5,19.4,42.8
2025-08-01,2.5,2.5,0.0,17.0,20.7,13.6,16.9,40.3
2025-08-02,1.1,1.1,0.0,16.3,20.0,13.0,18.9,40.0
2025-08-03,4.0,4.0,0.0,18.3,24.0,14.0,19.7,42.5
2025-08-04,5.5,5.5,0.0,20.2,24.7,16.5,23.3,49.3
2025-08-05,2.0,2.0,0.0,18.3,20.8,15.1,23.5,48.6
2025-08-06,0.0,0.0,0.0,17.4,22.0,11.9,13.7,31.3
2025-08-07,0.0,0.0,0.0,19.2,24.9,13.3,14.3,31.0
2025-08-08,0.0,0.0,0.0,20.3,24.0,17.5,14.3,31.3
2025-08-09,0.0,0.0,0.0,18.7,24.9,11.9,15.2,32.0
2025-08-10,0.0,0.0,0.0,19.0,26.0,11.4,11.6,20.9
2025-08-11,0.0,0.0,0.0,21.0,27.6,12.9,10.5,24.8
2025-08-12,0.0,0.0,0.0,23.3,31.0,13.8,10.2,24.5
2025-08-13,0.0,0.0,0.0,25.9,33.0,18.6,10.1,24.5
2025-08-14,0.0,0.0,0.0,26.6,33.0,21.4,16.8,36.7
2025-08-15,0.0,0.0,0.0,22.9,28.8,15.7,16.1,33.8
2025-08-16,0.7,0.7,0.0,19.7,22.3,17.0,14.3,32.0
2025-08-17,0.0,0.0,0.0,16.2,19.8,10.4,13.8,31.0
2025-08-18,0.0,0.0,0.0,20.4,25.3,16.3,13.1,30.2
2025-08-19,0.0,0.0,0.0,21.1,28.0,13.7,17.6,36.7
2025-08-20,0.0,0.0,0.0,19.0,24.1,13.2,15.3,32.8
2025-08-21,0.0,0.0,0.0,17.7,23.2,12.2,20.8,44.6
2025-08-22,0.2,0.2,0.0,15.5,18.6,11.4,14.0,32.8
2025-08-23,0.3,0.3,0.0,16.2,20.0,12.7,12.8,30.2
2025-08-24,0.0,0.0,0.0,14.7,20.8,7.4,8.8,21.2
2025-08-25,0.0,0.0,0.0,15.7,22.7,7.1,10.4,19.1
2025-08-26,0.1,0.1,0.0,19.8,28.2,10.6,13.7,33.5
2025-08-27,0.3,0.3,0.0,20.3,25.8,16.5,12.3,27.7
2025-08-28,0.8,0.8,0.0,19.7,24.8,16.4,19.3,42.5
2025-08-29,3.5,3.5,0.0,17.0,22.4,13.0,22.7,50.0
2025-08-30,0.9,0.9,0.0,17.4,21.9,13.3,20.7,41.0
2025-08-31,6.2,6.2,0.0,19.6,24.8,17.5,17.7,36.7
2025-09-01,6.4,6.4,0.0,18.3,22.4,15.6,16.1,38.5
2025-09-02,0.3,0.3,0.0,17.4,21.6,13.4,19.3,42.8
2025-09-03,1.3,1.3,0.0,19.6,23.6,15.6,32.1,64.4
2025-09-04,0.1,0.1,0.0,18.9,22.9,15.7,21.2,45.0
2025-09-05,0.3,0.3,0.0,16.3,20.5,12.2,17.2,38.2
2025-09-06,0.0,0.0,0.0,16.6,23.1,9.0,14.3,29.2
2025-09-07,0.0,0.0,0.0,20.0,27.1,13.8,17.9,38.9
2025-09-08,1.2,1.2,0.0,21.3,25.7,18.6,13.5,30.2
2025-09-09,45.4,45.4,0.0,14.9,18.1,11.2,11.1,22.0
2025-09-10,0.3,0.3,0.0,14.5,21.0,8.9,15.3,33.1
2025-09-11,5.1,5.1,0.0,16.1,18.4,13.9,22.2,55.1
2025-09-12,1.1,1.1,0.0,14.7,18.5,12.2,26.9,53.6
2025-09-13,6.8,6.8,0.0,14.6,18.5,11.8,22.1,49.3
2025-09-14,0.5,0.5,0.0,14.6,18.6,10.3,18.3,34.6
2025-09-15,9.8,9.8,0.0,17.2,19.5,15.1,33.3,68.8
2025-09-16,0.0,0.0,0.0,15.3,18.1,13.6,28.5,58.3
2025-09-17,1.0,1.0,0.0,14.9,18.5,11.2,22.0,48.6
2025-09-18,0.0,0.0,0.0,18.8,22.8,16.5,20.3,42.8
2025-09-19,0.0,0.0,0.0,19.1,26.0,12.6,11.9,25.6
2025-09-20,0.7,0.7,0.0,20.6,24.0,17.2,17.6,36.7
2025-09-21,0.1,0.1,0.0,15.7,20.7,11.1,19.8,42.5
2025-09-22,0.4,0.4,0.0,12.0,16.0,8.0,18.9,41.0
2025-09-23,0.0,0.0,0.0,12.3,16.8,7.8,18.7,39.6
2025-09-24,0.0,0.0,0.0,11.9,15.6,8.1,23.0,51.1
2025-09-25,0.3,0.3,0.0,10.8,12.7,9.2,20.7,45.7
2025-09-26,0.2,0.2,0.0,11.8,15.6,8.9,11.7,26.6
2025-09-27,0.6,0.6,0.0,12.3,16.6,8.1,9.6,22.7
2025-09-28,0.0,0.0,0.0,12.5,19.1,6.0,6.2,17.6
2025-09-29,0.1,0.1,0.0,12.9,18.6,7.3,9.7,20.5
2025-09-30,0.4,0.4,0.0,12.9,17.6,8.9,9.1,23.4
2025-10-01,0.0,0.0,0.0,10.6,16.6,5.6,8.4,23.0
2025-10-02,0.0,0.0,0.0,10.9,16.9,6.7,9.5,23.4
2025-10-03,4.6,4.6,0.0,11.7,14.6,9.6,21.8,41.4
2025-10-04,17.0,17.0,0.0,13.4,16.7,11.4,31.2,68.4
2025-10-05,2.5,2.5,0.0,11.7,14.2,9.7,25.8,53.6
2025-10-06,0.0,0.0,0.0,12.8,14.8,10.4,17.9,37.1
2025-10-07,0.0,0.0,0.0,14.6,17.8,11.6,13.2,29.9
2025-10-08,0.3,0.3,0.0,14.6,16.8,13.1,7.9,19.1
2025-10-09,0.3,0.3,0.0,13.5,15.9,10.2,11.1,23.8
2025-10-10,0.1,0.1,0.0,14.7,17.9,12.2,9.8,23.0
2025-10-11,0.1,0.1,0.0,14.5,16.1,13.3,6.7,16.6
2025-10-12,0.0,0.0,0.0,14.0,15.9,11.9,9.8,22.3
2025-10-13,0.2,0.2,0.0,13.8,15.6,11.4,11.0,24.5
2025-10-14,0.2,0.2,0.0,12.0,14.6,9.5,7.6,15.1
2025-10-15,0.4,0.4,0.0,12.7,14.8,10.9,6.7,16.2
2025-10-16,0.7,0.7,0.0,12.0,14.9,7.4,10.2,22.0
2025-10-17,0.3,0.3,0.0,11.4,14.1,7.9,8.9,20.2
2025-10-18,0.0,0.0,0.0,10.5,13.2,8.6,11.3,23.0
2025-10-19,0.8,0.8,0.0,11.1,16.0,7.2,15.8,28.8
2025-10-20,2.3,2.3,0.0,15.1,18.2,12.8,19.6,41.0
2025-10-21,8.2,8.2,0.0,13.4,15.2,12.4,25.7,50.0
2025-10-22,0.2,0.2,0.0,12.7,15.2,11.0,15.6,32.4
2025-10-23,15.7,15.7,0.0,12.0,15.0,9.4,36.1,68.4
2025-10-24,1.1,1.1,0.0,8.9,11.2,7.2,28.0,59.8
2025-10-25,4.2,4.2,0.0,9.0,10.7,7.5,29.4,59.4
2025-10-26,2.9,2.9,0.0,7.3,10.6,5.1,27.4,55.4
2025-10-27,12.2,12.2,0.0,8.8,10.6,7.1,26.7,54.4
2025-10-28,1.3,1.3,0.0,10.7,13.2,7.3,24.9,59.4
2025-10-29,1.2,1.2,0.0,11.6,14.4,9.3,20.6,41.8
2025-10-30,7.5,7.5,0.0,10.1,13.1,8.0,22.8,43.6
2025-10-31,0.0,0.0,0.0,10.6,14.1,7.1,14.4,27.0
2025-11-01,5.5,5.5,0.0,12.5,14.5,10.1,22.3,41.4
2025-11-02,0.9,0.9,0.0,10.7,13.9,8.6,18.8,40.3
2025-11-03,0.0,0.0,0.0,9.5,13.1,6.2,23.0,50.4
2025-11-04,0.0,0.0,0.0,13.5,16.5,11.5,18.5,41.4
2025-11-05,0.0,0.0,0.0,13.0,17.1,10.5,16.9,31.7
2025-11-06,0.0,0.0,0.0,11.0,15.3,7.9,12.0,27.4
2025-11-07,0.0,0.0,0.0,10.4,16.1,6.3,8.6,15.5
2025-11-08,0.2,0.2,0.0,9.6,15.0,5.2,8.3,15.1
2025-11-09,0.8,0.8,0.0,10.4,13.1,6.6,11.5,25.9
2025-11-10,1.9,1.9,0.0,8.2,12.3,5.3,16.2,33.8
2025-11-11,0.5,0.5,0.0,10.6,13.1,9.2,19.3,39.6
2025-11-12,0.0,0.0,0.0,12.3,15.6,10.4,16.4,31.0
2025-11-13,0.2,0.2,0.0,14.2,16.4,11.9,18.8,36.7
2025-11-14,1.6,1.6,0.0,13.1,14.5,12.1,10.7,18.4
2025-11-15,4.1,4.1,0.0,11.6,13.0,10.1,8.7,17.6
2025-11-16,4.0,4.0,0.0,7.8,9.9,5.0,13.0,25.6
2025-11-17,0.4,0.4,0.0,4.2,7.1,1.4,19.6,42.8
2025-11-18,1.2,1.2,0.0,3.1,5.6,1.2,17.7,37.4
2025-11-19,4.4,4.4,0.0,4.8,6.3,3.2,20.5,44.6
2025-11-20,0.3,0.4,0.07,1.8,4.0,-0.3,14.5,34.6
2025-11-21,0.1,0.2,0.07,1.2,5.0,-1.9,10.2,20.9
2025-11-22,0.0,0.0,0.0,-0.2,2.8,-2.3,17.0,32.4
2025-11-23,1.2,1.5,0.21,2.5,4.8,-0.1,23.2,44.3
2025-11-24,6.7,6.7,0.0,5.3,6.9,4.1,18.1,33.8
2025-11-25,3.8,3.8,0.0,4.3,5.8,2.8,12.1,27.4
2025-11-26,0.0,0.0,0.0,2.9,5.5,-0.4,10.4,22.0
2025-11-27,0.6,0.6,0.0,4.2,7.2,0.7,20.8,40.7
2025-11-28,1.6,1.6,0.0,8.2,8.9,7.2,19.0,37.8
2025-11-29,1.0,1.0,0.0,9.0,10.9,7.4,23.1,45.7
2025-11-30,0.5,0.5,0.0,6.8,9.9,5.3,19.4,42.1
2025-12-01,0.3,0.3,0.0,4.9,7.3,2.0,22.4,44.6
2025-12-02,0.2,0.2,0.0,7.6,9.4,5.7,21.3,44.3
2025-12-03,1.7,1.7,0.0,7.3,8.6,6.2,10.4,22.3
2025-12-04,0.3,0.3,0.0,6.4,8.7,4.3,16.3,32.8
2025-12-05,0.0,0.0,0.0,4.2,6.2,1.5,15.4,29.2
2025-12-06,9.1,9.1,0.0,7.7,10.0,4.8,22.8,47.5
2025-12-07,8.4,8.4,0.0,10.4,13.8,7.9,27.4,53.3
2025-12-08,6.9,6.9,0.0,12.3,14.2,10.2,26.7,54.0
2025-12-09,2.2,2.2,0.0,12.5,14.2,11.0,18.8,36.7
2025-12-10,0.1,0.1,0.0,12.3,13.4,9.6,19.9,38.9
2025-12-11,0.0,0.0,0.0,7.2,8.9,3.5,13.8,25.2
2025-12-12,0.0,0.0,0.0,6.8,10.8,3.0,14.3,29.5
2025-12-13,0.0,0.0,0.0,7.2,9.6,3.1,10.7,20.2
2025-12-14,0.0,0.0,0.0,6.4,8.5,3.0,17.1,35.6
2025-12-15,0.0,0.0,0.0,6.5,9.5,3.2,14.6,29.9
2025-12-16,6.6,6.6,0.0,8.9,11.9,7.2,13.1,25.6
2025-12-17,0.1,0.1,0.0,7.9,9.8,5.7,14.6,31.0
2025-12-18,0.0,0.0,0.0,9.9,12.8,6.6,24.7,48.6
2025-12-19,3.0,3.0,0.0,10.1,13.6,5.8,25.0,49.7
2025-12-20,0.0,0.0,0.0,4.5,7.3,0.6,10.4,19.8
2025-12-21,0.0,0.0,0.0,8.2,11.2,6.7,15.2,28.4
2025-12-22,0.0,0.0,0.0,5.1,7.2,3.2,14.5,28.1
2025-12-23,0.0,0.0,0.0,4.0,5.8,1.8,20.9,43.9
2025-12-24,0.0,0.0,0.0,0.9,3.6,-1.5,24.1,48.2
2025-12-25,0.0,0.0,0.0,-2.4,-0.2,-4.3,23.5,46.4
2025-12-26,0.0,0.0,0.0,-1.8,2.5,-4.7,13.8,26.3
2025-12-27,0.0,0.0,0.0,-0.1,3.1,-2.7,12.4,25.9
2025-12-28,0.0,0.0,0.0,2.3,5.7,-3.0,10.0,22.3
2025-12-29,0.0,0.0,0.0,0.3,4.0,-3.2,10.6,19.4
2025-12-30,0.0,0.0,0.0,1.7,4.7,-0.8,13.0,23.0
2025-12-31,0.1,0.1,0.0,0.3,3.8,-2.4,16.0,29.5
2026-01-01,1.0,1.1,0.07,2.5,3.8,1.1,25.7,52.9
2026-01-02,0.8,3.6,1.96,1.5,3.2,0.4,23.9,50.4
2026-01-03,0.0,8.0,5.6,0.1,1.5,-1.4,21.0,44.6
2026-01-04,0.0,9.3,6.51,-0.4,0.8,-1.9,21.1,45.4
2026-01-05,0.0,0.6,0.42,-2.1,-0.1,-3.8,17.6,35.6
2026-01-06,0.0,0.4,0.35,-2.0,1.0,-5.1,14.2,28.1
2026-01-07,0.0,3.4,2.38,-0.8,0.6,-3.2,27.8,54.7
2026-01-08,2.9,2.9,0.0,0.9,2.4,-1.1,19.0,37.4
2026-01-09,16.7,17.5,0.56,2.8,4.5,0.5,28.0,55.8
2026-01-10,0.0,1.1,0.77,-1.9,0.4,-2.9,17.1,32.8
2026-01-11,0.0,0.0,0.0,-2.1,0.7,-5.7,17.9,36.0
2026-01-12,11.8,11.9,0.07,4.2,8.3,0.8,21.9,42.1
2026-01-13,0.1,0.1,0.0,8.4,10.9,5.8,17.5,33.8
2026-01-14,2.9,2.9,0.0,8.3,9.8,7.1,15.6,28.8
2026-01-15,0.0,0.0,0.0,9.3,10.6,7.7,19.7,43.9
2026-01-16,0.4,0.4,0.0,9.7,11.2,6.4,24.0,48.6
2026-01-17,2.9,2.9,0.0,7.4,12.1,4.1,12.3,21.6
2026-01-18,0.0,0.0,0.0,3.3,7.3,1.0,12.3,22.3
2026-01-19,0.0,0.0,0.0,1.4,5.9,-1.5,8.0,15.8
2026-01-20,0.0,0.0,0.0,1.3,5.4,-1.2,11.1,19.8
2026-01-21,0.6,0.6,0.0,4.7,10.0,1.2,15.7,29.2
2026-01-22,0.0,0.0,0.0,3.3,7.0,-0.1,13.0,24.1
2026-01-23,0.0,0.0,0.0,5.4,8.9,3.8,17.6,35.6
2026-01-24,0.0,0.0,0.0,4.8,8.6,1.9,13.8,25.9
2026-01-25,0.0,0.0,0.0,-0.0,2.7,-2.4,13.0,26.3
2026-01-26,0.0,0.0,0.0,-0.5,1.6,-3.2,11.5,26.3
2026-01-27,4.9,4.9,0.0,1.8,4.3,-1.5,15.1,31.7
2026-01-28,0.4,0.4,0.0,4.2,5.6,0.8,11.2,23.0
2026-01-29,0.1,1.6,1.05,0.8,1.9,0.1,9.4,18.7
2026-01-30,0.3,0.3,0.0,2.5,6.3,-0.9,12.9,27.0
2026-01-31,1.4,1.4,0.0,5.9,9.4,2.7,14.8,27.0
2026-02-01,0.3,0.3,0.0,5.3,9.4,2.2,15.5,32.8
2026-02-02,2.9,2.9,0.0,5.2,7.7,2.7,17.8,35.3
2026-02-03,4.5,4.5,0.0,2.8,6.5,0.9,20.2,40.0
2026-02-04,0.0,0.0,0.0,6.3,10.1,3.5,15.6,29.9
2026-02-05,0.0,0.0,0.0,3.9,7.6,1.0,15.5,31.0
2026-02-06,1.9,1.9,0.0,5.4,7.5,3.3,13.1,24.8
2026-02-07,0.0,0.0,0.0,7.8,12.2,4.9,12.2,30.6
2026-02-08,0.0,0.0,0.0,5.3,9.1,2.2,11.8,23.4
2026-02-09,0.0,0.0,0.0,3.6,8.1,-0.2,13.0,29.2
2026-02-10,1.0,1.0,0.0,5.6,10.3,1.9,14.4,28.8
2026-02-11,7.4,7.4,0.0,9.0,11.4,7.5,20.8,38.2
2026-02-12,12.8,12.8,0.0,8.2,10.3,7.3,19.5,39.6
2026-02-13,0.0,0.0,0.0,5.0,6.8,2.0,16.4,32.8
2026-02-14,0.0,0.0,0.0,0.2,2.0,-3.3,16.9,36.0
2026-02-15,0.0,5.2,3.64,-0.7,4.1,-4.4,20.0,43.6
2026-02-16,5.3,6.6,0.91,3.8,7.1,0.6,17.6,41.8
2026-02-17,4.1,5.0,0.63,3.4,6.6,1.9,25.6,56.2
2026-02-18,0.0,0.0,0.0,2.5,5.4,-1.0,22.4,44.6
2026-02-19,3.9,10.3,4.48,2.6,4.7,1.1,25.2,48.6
2026-02-20,0.8,0.8,0.0,5.4,7.5,2.5,23.8,46.4
2026-02-21,1.4,1.4,0.0,9.0,10.8,7.6,24.8,48.6
2026-02-22,8.2,8.2,0.0,11.0,11.9,10.4,25.6,49.0
2026-02-23,0.9,0.9,0.0,9.7,12.6,7.7,27.9,59.0
2026-02-24,2.9,2.9,0.0,10.5,12.9,8.8,16.0,36.0
2026-02-25,0.0,0.0,0.0,12.5,18.5,7.7,12.5,26.6
2026-02-26,0.0,0.0,0.0,12.9,17.5,9.4,17.1,32.8
2026-02-27,1.9,1.9,0.0,13.0,17.5,9.9,18.7,41.0
2026-02-28,5.0,5.0,0.0,10.3,12.4,6.5,32.9,67.0
2026-03-01,0.0,0.0,0.0,8.3,13.3,3.5,23.1,50.0
2026-03-02,0.0,0.0,0.0,10.1,16.5,5.6,13.1,31.0
2026-03-03,0.0,0.0,0.0,10.4,17.6,4.8,8.7,16.2
2026-03-04,0.0,0.0,0.0,9.1,16.5,3.2,7.7,15.8
2026-03-05,0.0,0.0,0.0,10.3,17.4,5.2,12.5,27.4
2026-03-06,0.0,0.0,0.0,10.7,18.6,4.3,7.5,17.3
2026-03-07,0.0,0.0,0.0,10.1,16.2,4.6,8.8,21.6
2026-03-08,0.0,0.0,0.0,9.6,16.8,4.2,6.7,15.5
2026-03-09,0.0,0.0,0.0,10.2,18.3,2.9,6.2,16.2
2026-03-10,1.5,1.5,0.0,10.3,15.1,6.6,16.8,37.1
2026-03-11,4.6,4.6,0.0,9.4,11.1,6.4,23.8,48.2
2026-03-12,0.0,0.0,0.0,8.4,12.4,4.7,28.2,59.8
2026-03-13,10.6,10.6,0.0,8.2,11.0,4.8,28.0,56.5
2026-03-14,12.0,12.2,0.14,4.2,6.8,2.4,10.5,23.4
2026-03-15,0.0,0.0,0.0,5.3,10.9,-0.6,21.2,41.0
2026-03-16,4.1,4.1,0.0,7.3,10.4,4.9,23.6,47.9
2026-03-17,0.0,0.0,0.0,10.1,14.2,6.2,13.2,28.4
2026-03-18,0.0,0.0,0.0,9.9,14.2,6.7,16.2,36.4
2026-03-19,0.0,0.0,0.0,9.0,16.2,2.2,9.3,19.8
2026-03-20,0.0,0.0,0.0,8.5,14.2,3.0,11.5,25.9
2026-03-21,0.0,0.0,0.0,7.6,13.1,2.3,13.5,30.6
2026-03-22,0.0,0.0,0.0,8.3,14.5,3.0,11.8,24.5
2026-03-23,0.0,0.0,0.0,8.7,15.5,2.3,8.0,16.9
2026-03-24,0.0,0.0,0.0,10.8,16.0,4.8,23.8,46.8
2026-03-25,5.9,5.9,0.0,8.2,12.4,3.8,28.8,64.1
2026-03-26,1.0,1.1,0.07,4.0,7.6,1.9,20.0,45.7
2026-03-27,0.0,0.0,0.0,4.3,9.2,-1.3,16.5,32.4
2026-03-28,6.4,6.4,0.0,6.8,10.4,3.3,20.6,45.7
2026-03-29,1.4,1.4,0.0,6.0,10.6,0.6,25.5,49.3
2026-03-30,9.3,9.3,0.0,7.0,9.9,4.2,26.5,59.4
2026-03-31,0.2,0.2,0.0,6.7,11.4,2.0,14.8,33.1
2026-04-01,0.0,0.0,0.0,6.8,12.5,0.9,8.6,24.1
2026-04-02,1.7,1.7,0.0,7.1,12.1,3.0,16.7,35.3
2026-04-03,0.0,0.0,0.0,7.9,13.1,2.0,23.7,49.3
2026-04-04,1.7,1.7,0.0,12.6,15.4,9.4,22.5,46.8
2026-04-05,0.7,0.7,0.0,12.0,14.2,8.0,25.9,56.5
2026-04-06,0.1,0.1,0.0,8.7,14.1,3.2,9.3,19.4
2026-04-07,0.0,0.0,0.0,9.9,16.2,3.2,13.1,31.3
2026-04-08,0.0,0.0,0.0,12.4,20.3,5.3,10.8,24.8
2026-04-09,10.0,10.0,0.0,14.3,22.8,5.9,15.2,31.0
2026-04-10,0.1,0.1,0.0,10.3,13.4,7.2,19.8,42.5
2026-04-11,2.8,2.8,0.0,11.3,22.0,5.9,22.7,43.9
2026-04-12,0.0,0.0,0.0,9.6,13.9,5.1,14.5,33.5
2026-04-13,0.8,0.8,0.0,8.0,12.4,3.2,7.3,18.7
2026-04-14,0.0,0.0,0.0,9.2,15.4,2.6,7.7,20.9
2026-04-15,0.0,0.0,0.0,12.4,19.0,4.9,14.9,33.8
2026-04-16,0.9,0.9,0.0,14.2,18.4,9.9,12.6,28.1
2026-04-17,0.0,0.0,0.0,13.9,19.6,6.8,9.2,21.2
2026-04-18,1.8,1.8,0.0,12.9,17.5,7.9,14.1,31.7
2026-04-19,0.3,0.3,0.0,10.5,15.1,5.8,16.0,36.7
2026-04-20,0.6,0.6,0.0,8.4,12.6,3.4,10.9,27.4
2026-04-21,0.1,0.1,0.0,10.2,14.8,5.8,17.5,37.8
2026-04-22,0.0,0.0,0.0,10.8,16.8,3.8,16.1,35.6
2026-04-23,0.0,0.0,0.0,11.2,18.6,3.3,13.9,30.2
2026-04-24,0.0,0.0,0.0,10.5,18.5,2.7,11.7,27.0
2026-04-25,0.0,0.0,0.0,10.1,18.2,2.0,12.5,25.9
2026-04-26,0.0,0.0,0.0,11.0,17.4,4.1,9.2,24.8
2026-04-27,0.0,0.0,0.0,12.0,18.9,3.3,13.0,26.6
2026-04-28,0.0,0.0,0.0,14.1,19.6,8.5,22.3,47.5
2026-04-29,0.0,0.0,0.0,14.1,19.0,7.9,22.3,48.6
2026-04-30,0.0,0.0,0.0,14.5,20.2,8.1,21.1,47.5
2026-05-01,0.0,0.0,0.0,17.2,24.5,9.8,16.9,38.5
2026-05-02,2.3,2.3,0.0,17.6,24.8,9.6,11.8,37.1
2026-05-03,4.0,4.0,0.0,15.0,18.4,11.4,15.3,33.8
2026-05-04,2.8,2.8,0.0,14.5,18.2,11.2,11.3,20.2
2026-05-05,5.1,5.1,0.0,11.7,13.1,10.3,15.1,33.8
2026-05-06,10.3,10.3,0.0,9.7,11.1,8.5,15.9,32.4
2026-05-07,0.0,0.0,0.0,11.7,15.9,7.8,8.2,18.4
2026-05-08,0.1,0.1,0.0,13.0,17.5,8.9,7.3,20.2
2026-05-09,0.0,0.0,0.0,13.4,18.9,5.9,9.1,19.4
2026-05-10,0.7,0.7,0.0,13.5,18.8,7.9,17.9,36.7
2026-05-11,3.5,3.5,0.0,8.6,11.8,5.9,23.2,47.9
2026-05-12,1.2,1.2,0.0,8.6,12.4,4.8,19.5,44.6
2026-05-13,7.3,7.3,0.0,9.1,12.6,6.9,18.4,43.6
2026-05-14,10.8,10.8,0.0,7.8,11.5,5.4,16.4,35.6
2026-05-15,2.3,2.3,0.0,7.7,12.0,2.0,16.2,36.7
2026-05-16,0.0,0.0,0.0,9.1,14.6,3.9,16.4,35.3
2026-05-17,6.8,6.8,0.0,11.3,16.5,7.5,18.2,40.7
2026-05-18,5.1,5.1,0.0,12.3,16.5,8.9,15.1,34.2
2026-05-19,1.7,1.7,0.0,11.8,16.7,6.3,19.1,39.6
2026-05-20,8.1,8.1,0.0,14.5,18.1,12.1,22.8,48.2
2026-05-21,0.0,0.0,0.0,16.4,21.5,11.3,14.1,30.6
2026-05-22,0.0,0.0,0.0,19.0,26.0,10.5,9.2,23.4
2026-05-23,0.0,0.0,0.0,22.2,29.6,12.8,11.3,21.6
2026-05-24,0.0,0.0,0.0,22.2,28.2,15.2,9.9,24.5
2026-05-25,0.0,0.0,0.0,22.5,29.8,13.1,11.6,26.6
2026-05-26,0.0,0.0,0.0,24.1,31.9,14.2,12.1,22.7
2026-05-27,0.0,0.0,0.0,21.7,26.1,16.4,12.6,31.0
2026-05-28,0.0,0.0,0.0,20.0,26.1,12.7,11.5,26.3
2026-05-29,9.2,9.2,0.0,20.7,29.4,16.0,20.3,44.3
